flight_number;departure_icao;arrival_icao;aircraft_names;flight_time_hours;flight_time_minutes
AIH75;VTBS;VECC;Airbus A320;2;30
IX684;VOMD;WSSS;Boeing 737-800;3;50
IX1212;VABB;VOML;Boeing 737MAX;1;15
IX2892;VEIM;VEGT;Boeing 737MAX;0;40
IX1097;VEBS;VAPO;Boeing 737MAX;1;55
IX2710;VERC;VOBL;Boeing 737MAX;2;15
EY18;EGLL;OMAA;Airbus A380;7;22
IX235;VABB;OOMS;Boeing 737MAX;2;20
IX1068;VEIM;VEGT;Airbus 320;0;35
IX558;VOHS;VOBL;Boeing 737MAX;0;55
IX1589;VOBL;VECC;Boeing 737MAX;2;0
EY17;OMAA;EGLL;Boeing 787-10;7;15
D7600;WMKK;UAAA;Airbus A330-300, Airbus A330-900;6;20
GA657;WAJJ;WIII;Boeing 737-800;5;30
LO571;EPWA;LYBE;ERJ-190;1;0
AI2380;VIDP;WSSS;Boeing 787-9;4;50
GA880;WADD;RJAA;Boeing 777-300ER;7;30
IX236;OOMS;VABB;Boeing 737MAX;2;20
IX297;VABB;OMAA;Boeing 737MAX;3;0
IX1067;VEGT;VEIM;Airbus 320;0;35
IX2511;VOBL;VAID;Boeing 737MAX;1;35
IX2643;VECC;VAID;Boeing 737MAX;2;10
EY5047;OMAA;EKCH;Boeing 787-10;7;15
D7601;UAAA;WMKK;Airbus A330-300, Airbus A330-900;6;20
IX298;OMAA;VABB;Boeing 737MAX;2;40
IX2891;VEGT;VEIM;Boeing 737MAX;0;40
IX2511;VAID;VIDP;Boeing 737MAX;1;5
IX2644;VAID;VECC;Boeing 737MAX;1;55
EY5048;EKCH;OMAA;Boeing 787-10;7;15
QZ542;WADD;YBCS;Airbus 320;4;20
LO572;LYBE;EPWA;ERJ-190;0;45
AI2381;WSSS;VIDP;Boeing 787-9;5;10
AI533;VOBL;VISR;Airbus A320;3;10
IX251;VABB;OMSJ;Boeing 737MAX;2;45
IX2513;VIDP;VAID;Boeing 737MAX;1;10
IX2834;VOHS;VOCI;Boeing 737MAX;1;15
EY873;OMAA;RKSI;Airbus A380;10;10
QZ553;YBCS;WADD;Airbus 320;4;20
AI598;VABB;VOBZ;Airbus A321;1;30
IX2754 (B);VOHS;VISR;Boeing 737-800;2;45
IX252;OMSJ;VABB;Boeing 737MAX;2;45
IX2513;VAID;VOBL;Boeing 737MAX;1;40
IX2838;VOHS;VEBN;Boeing 737MAX;1;35
EY876;RKSI;OMAA;Airbus A380;10;10
AK9;WMKK;VOTV;Airbus 320;3;30
IX2754 (A);VOBL;VOHS;Boeing 737-800;1;0
IX265;VABB;OKKK;Boeing 737MAX;4;0
IX581;VOTV;OEDF;Boeing 737MAX;5;0
IX2711;VOBL;VILK;Boeing 737MAX;2;5
IX2834;VEBN;VOHS;Boeing 737MAX;1;45
IX266;OKKK;VABB;Boeing 737MAX;3;25
IX582;OEDF;VOTV;Boeing 737MAX;4;25
IX2734;VILK;VOBL;Boeing 737MAX;2;15
IX2931;VOHS;VEBS;Boeing 737MAX;1;20
EY873;OMAA;RKSI;Boeing 787-9;10;15
AI150;EGKK;VOCI;Boeing 787-8;9;40
AK8;VOTV;WMKK;Airbus 320;3;30
AI151 ;VIDP;LSZH;Boeing 787-9;8;20
AI599;VOBZ;VABB;Airbus A321;2;0
IX420;OMAA;VOCI;Boeing 737MAX;3;45
IX743;VOKN;OMSJ;Boeing 737MAX;3;35
IX2937;VEBS;VOHS;Boeing 737MAX;1;30
AI187;VIDP;CYYZ;Boeing 777-200LR;14;30
IX968;VOBL;VOTV;Boeing 737MAX;1;15
IX744;OMSJ;VOKN;Boeing 737MAX;3;15
IX3991;VABB;VAJM;Boeing 737MAX;0;50
EY876;RKSI;OMAA;Boeing 787-9;10;15
AI149;VOCI;EGKK;Boeing 787-8;10;20
FD130;VTBD;VIJP;Airbus 320;4;0
AI152;LSZH;VIDP;Boeing 787-9;7;30
AI188;CYYZ;VIDP;Boeing 777-200LR;14;20
IX178;VASU;VTBS;Boeing 737MAX;4;0
IX747;VOKN;OMDB;Boeing 737MAX;3;40
IX5992;VAJM;VABB;Boeing 737MAX;0;55
EY5059;OMAA;SCEL;Airbus A380;15;30
FD131;VIJP;VTBD;Airbus 320;4;0
IX2890;VIJP;VOHS;Boeing 737MAX;1;45
IX177;VTBS;VASU;Boeing 737MAX;4;0
IX748;OMDB;VOKN;Boeing 737MAX;3;40
IX183;VEBN;OMSJ;Boeing 737MAX;4;15
IX717;VOKN;OMAA;Boeing 737MAX;3;50
IX184;OMSJ;VEBN;Boeing 737MAX;4;20
EY5060;SCEL;OMAA;Airbus A380;15;35
XJ600;VTBD;RJAA;Airbus A330-300, Airbus A330-900;5;50
AI2479;VIDP;VABJ;Airbus 320;1;45
AI457;VILH;VICG;Airbus 320;1;10
GA881;RJAA;WADD;Boeing 777-300ER;7;30
GA401;WADD;WIII;Airbus A330-300;1;30
GA402;WIII;WADD;Airbus A330-300;1;30
IX718;OMAA;VOKN;Boeing 737MAX;3;30
GA810;WIII;WMKK;Boeing 737-800;1;50
AI101;VIDP;KJFK;Airbus A359;14;20
GA811;WMKK;WIII;Boeing 737-800;1;50
IX2871;VOHS;VIJP;Boeing 737MAX;1;35
IX711;VOKN;OOMS;Boeing 737MAX;3;10
EY5013;OMAA;KATL;Boeing 777-300ER;14;30
KT168;VDPP;WMKK;Airbus 320;1;40
XJ601;RJAA;VTBD;Airbus A330-300, Airbus A330-900;5;50
AI2480;VABJ;VIDP;Airbus 320;1;40
AI458;VICG;VILH;Airbus 320;1;0
AI102;KJFK;VIDP;Airbus A359;12;30
GA898;WIII;ZGGG;Boeing 777-300ER;4;50
IX1098;VEBS;VECC;Boeing 737MAX;0;55
IX150;OOMS;VILK;Boeing 737MAX;2;50
AI2255;VABB;OMAA;Airbus 320;2;50
GA897;ZGGG;WIII;Boeing 777-300ER;4;50
GA870;WADD;ZSPD;Airbus A330-300;6;30
GA859;ZSPD;WADD;Airbus A330-300;6;30
AI2256;OMAA;VABB;Airbus 320;2;50
GA872;WIII;VHHH;Boeing 777-300ER;4;50
AI176;KSFO;VOBL;Boeing 777-200LR;17;0
GA873;VHHH;WIII;Boeing 777-300ER;4;50
TK1629;LTFM;EDDM;Airbus A321;3;10
GA814;WADD;VABB;Airbus A330-300;7;30
GA815;VABB;WADD;Airbus A330-300;7;30
GA861;WIII;VABB VIA VTBS;Boeing 737-800;8;30
GA862;VABB;WIII VIA VTBS;Boeing 737-800;8;30
IX2814;VILK;VOHS;Boeing 737MAX;1;58
AI458;VICG;VILH;Airbus 320;1;20
EY5013;OMAA;KATL;Airbus A380;14;35
KT169;WMKK;VDPP;Airbus 320;1;40
AK604;WMKK;YPPH;Airbus 320;5;10
SQ282;NZAA;WSSS;Airbus A359;9;30
OD751;WMKK;UTTT;Boeing 737-900;7;45
IX997;VOHS;OEJN;Boeing 737MAX;6;5
AI2847;VIDP;VOGO;Airbus 320;2;10
EY5014;KATL;OMAA;Boeing 777-300ER;14;35
AIH46;DGAA;VABB;Boeing 747-400;9;30
AIH47;VOBL;EGLL VIA VABB;Boeing 747-400;11;30
AIH48;EGLL;VOBL VIA VABB;Boeing 747-400;11;30
AIH49;VOBL;KJFK VIA VABB;Boeing 747-400;14;0
OD272;VIAR;WMKK;Boeing 737-900;6;0
AIH55;VECC;EGLL;Boeing 787-8;10;40
IX998;OEJN;VOHS;Boeing 737MAX;4;45
AIH50;KJFK;VOBL VIA VABB;Boeing 747-400;14;0
OD174(A);YPAD ;WADD;Boeing 737-900;4;50
AIH56;EGLL;VECC;Boeing 787-8;10;15
IX2761;VOBL;VOMM;Boeing 737MAX;0;40
EY5014;KATL;OMAA;Airbus A380;14;30
Z292;RPLL;VMMC;Airbus 320;1;50
AK605;YPPH;WMKK;Airbus 320;5;10
SQ281;WSSS;NZAA;Airbus A359;9;0
OD122;YPAD;WMKK;Boeing 737-900;7;30
IX2762;VOMM;VOBL;Boeing 737MAX;0;45
EY423;OMAA;RPLL;Boeing 777-300ER;9;15
Z293;VMMC;RPLL;Airbus 320;1;50
IX106;VILK;VTBS;Boeing 737MAX;3;15
AI109 (A) ;VIDP;VAAH;Boeing 787-8;1;0
OD196(A);NZAA;YPPH;Boeing 737-900;6;45
IX2762;VOBL;VOML;Boeing 737MAX;0;40
EY424;RPLL;OMAA;Boeing 777-300ER;9;20
FD186;VECC;VTSP;Airbus 320;3;0
IX105;VTBS;VILK;Boeing 737MAX;3;25
LO229;EPWA;LOWI;Boeing 737-800;0;55
AIH109 (B) ;VAAH;HKJK;Boeing 787-8;6;0
AIC2024;KEWR;TBPB;Boeing 777-200LR;3;30
ID6003;WADD;YMML;Airbus A320;5;40
IX813;VOML;OMDB;Boeing 737MAX;3;30
EY423;OMAA;RPLL;Boeing 787-10;9;25
FD187;VTSP;VECC;Airbus 320;3;0
LO230;LOWI;EPWA;Boeing 737-800;1;10
AIH111;VIAR;LIRF;Boeing 787-8;7;10
ID6005;WADD;YSSY;Airbus A320;5;40
IX814;OMDB;VOML;Boeing 737MAX;3;15
EY424;RPLL;OMAA;Boeing 787-10;9;30
ZS501;RPLL;WBKK;Airbus 320;1;30
LO231;EPWA;EBBR;Boeing 737MAX;1;55
AIH110;HKJK;VAAH;Boeing 787-8;5;30
AIH112;LIRF;VIAR;Boeing 787-8;6;30
ID6021;WIMM;VOMM;Airbus A320;3;40
IX2692;VIJP;VOMM;Boeing 737MAX;2;10
AIH107;VOHS;KORD;Boeing 777-200LR;17;35
IX1171;VISR;VIDP;Boeing 737MAX;1;10
EY216;OMAA;VOBL;Boeing 787-9;3;55
ZS502;WBKK;RPLL;Airbus 320;1;30
LO232;EBBR;EPWA;Boeing 737MAX;1;20
AIH110 (B);VAAH;VIDP;Boeing 787-8;45;0
AI2205;VIDP;OMDB;Boeing 787-9;2;55
SL6215;VOMM;VTBS;Airbus A330-900;3;40
IX2691;VOMM;VIJP;Boeing 737MAX;2;15
AIH108;KORD;VOHS;Boeing 777-200LR;17;0
IX1174;VIDP;VEBS;Boeing 737MAX;1;45
AI499;VIDP;VEBS;Airbus 320;1;45
EY217;VOBL;OMAA;Airbus A321;3;57
FD3146;VTBD;VTCC;Airbus A321;1;0
LO251;EPWA;ELLX;ERJ-175, ERJ-190;1;20
AI2206;OMDB;VIDP;Boeing 787-9;2;30
IX2655;VOMM;VECC;Boeing 737MAX;2;0
IX1125;VIDP;VOGA;Boeing 737MAX;2;10
AI474;VEBS;VIDP;Airbus 320;1;50
EY216;OMAA;VOBL;Airbus A321;3;54
JT70;WIII;OEJN VIA VOTV;Boeing 737-900;11;0
IX2656;VECC;VOMM;Boeing 737MAX;2;15
IX1126;VOGA;VIDP;Boeing 737MAX;2;10
IX995;VOHS;OERK;Boeing 737MAX;5;15
EY217;VOBL;OMAA;Boeing 787-9;3;30
ID8061;WPDL ;WADD;Airbus A320;2;0
IX2641;VECC;VOPB;Boeing 737MAX;2;10
IX1126;VIDP;VISR;Boeing 737MAX;1;15
IX996;OERK;VOHS;Boeing 737MAX;4;15
EY274;OMAA;VOHS;Boeing 787-9;3;15
EY276;VOHS;OMAA;Airbus A321;3;15
FD3147;VTCC;VTBD;Airbus A321;1;0
LO252;ELLX;EPWA;ERJ-175, ERJ-190;0;55
AI2017;VIDP;EGLL;Boeing 787-9;8;40
OD281;WMKK;VECC;Boeing 737-900;3;40
IX2642;VOPB;VECC;Boeing 737MAX;1;55
IX2542;VOBL;VIGR;Boeing 737MAX;2;5
IX173;VASU;OMDB;Boeing 737MAX;2;55
EY276;VOHS;OMAA;Boeing 787-9;3;0
EY274;OMAA;VOHS;Airbus A321;3;20
D7101;WMKK;HKJK;Airbus A330-300, Airbus A330-900;8;20
LO3879;EPWA;EPKT;ERJ-175;0;15
AI2018;EGLL;VIDP;Boeing 787-9;8;10
AI157;VIDP;EKCH;Boeing 787-8;7;30
AI158;EKCH;VIDP;Boeing 787-8;7;30
AI485;VIDP;VOPB;Airbus A320;3;48
AI486;VOPB;VIDP;Airbus A320;3;45
AI860;VIDP;VABB;Airbus A320;1;52
AI553;VIDP;VOHS;Airbus A320;1;45
AI459;VIDP;VOBZ;Airbus A321;2;8
AI467;VIDP;VOBZ;Airbus A321;2;0
AI460;VOBZ;VIDP;Airbus A321;2;0
AI468;VOBZ;VIDP;Airbus A321;2;5
AI451;VIDP;VOVZ;Airbus A321;2;8
AI485;VIDP;VOVZ;Airbus A320;2;10
AI452;VOVZ;VIDP;Airbus A321;2;0
AI486;VOVZ;VIDP;Airbus A320;2;8
AI891;VIDP;VEGT;Airbus A321;2;7
AI892;VEGT;VIDP;Airbus A321;2;0
AI890;VEGT;VIDP;Airbus A320;2;5
AI407;VIDP;VEPT;Airbus A320;1;21
AI415;VIDP;VEPT;Airbus A320;1;15
AI408;VEPT;VIDP;Airbus A320;1;15
AI416;VEPT;VIDP;Airbus A320;1;15
AI308;VIDP;YMML;Boeing 787-8;11;25
AI309;YMML;VIDP;Boeing 787-8;11;30
AI302;VIDP;YSSY;Boeing 787-8;11;40
AI301;YSSY;VIDP;Boeing 787-8;11;45
AI153;VIDP;LOWW;Boeing 787-8;7;45
AI154;LOWW;VIDP;Boeing 787-8;7;30
AI939;VIDP;OBBI;Airbus A320;3;32
AI940;OBBI;VIDP;Airbus A320;3;15
AI227;VIDP;VGHS;Airbus A320;2;6
AI237;VIDP;VGHS;Airbus A320;2;0
AI228;VGHS;VIDP;Airbus A320;2;0
AI238;VGHS;VIDP;Airbus A320;2;5
AI187;VIDP;CYYZ;Boeing 777-300ER;13;45
AI188;CYYZ;VIDP;Boeing 777-300ER;13;55
AI185;VIDP;CYVR;Boeing 777-300ER;13;11
AI186;CYVR;VIDP;Boeing 777-300ER;13;15
AI155;VIDP;EHAM;Boeing 787-8;8;5
AI156;EHAM;VIDP;Boeing 787-8;8;5
AI143;VIDP;LFPG;Boeing 787-8;8;30
AI142;LFPG;VIDP;Boeing 787-8;8;15
AI121;VIDP;EDDF;Boeing 787-8;8;0
AI120;EDDF;VIDP;Boeing 787-8;7;30
AI314;VIDP;VHHH;Boeing 787-8;5;5
AI315;VHHH;VIDP;Boeing 787-8;5;0
AI137;VIDP;LIMC;Boeing 787-8;8;35
AI138;LIMC;VIDP;Boeing 787-8;8;15
AI306;VIDP;RJAA;Boeing 787-8;8;0
AI307;RJAA;VIDP;Boeing 787-8;7;30
AI961;VIDP;HKJK;Boeing 787-8;6;15
AI962;HKJK;VIDP;Boeing 787-8;5;30
AI901;VIDP;OKKK;Airbus A320;3;30
AI902;OKKK;VIDP;Airbus A320;3;45
AI235;VIDP;VYYY;Airbus A320;3;0
AI236;VYYY;VIDP;Airbus A320;3;15
AI211;VIDP;VNKT;Airbus A320;1;25
AI213;VIDP;VNKT;Airbus A320;1;20
AI215;VIDP;VNKT;Airbus A320;1;25
AI212;VNKT;VIDP;Airbus A320;1;15
AI214;VNKT;VIDP;Airbus A320;1;25
AI216;VNKT;VIDP;Airbus A320;1;10
AI971;VIDP;OTHH;Boeing 787-8;3;15
AI972;OTHH;VIDP;Boeing 787-8;3;0
AI913;VIDP;OEDF;Airbus A320;3;45
AI914;OEDF;VIDP;Airbus A320;3;30
AI991;VIDP;OEJN;Airbus A320;5;0
AI992;OEJN;VIDP;Airbus A320;4;40
AI925;VIDP;OERK;Airbus A320;4;0
AI926;OERK;VIDP;Airbus A320;3;30
AI382;VIDP;WSSS;Airbus A320;5;30
AI380;VIDP;WSSS;Boeing 787-8;5;15
AI383;WSSS;VIDP;Airbus A320;5;0
AI381;WSSS;VIDP;Boeing 787-8;5;0
AI312;VIDP;RKSI;Boeing 787-8;7;0
AI313;RKSI;VIDP;Boeing 787-8;5;30
AI281;VIDP;VCBI;Boeing 787-8;3;10
AI282;VCBI;VIDP;Boeing 787-8;3;0
AI332;VIDP;VTBS;Airbus A320;4;0
AI336;VIDP;VTBS;Airbus A320;3;55
AI333;VTBS;VIDP;Airbus A320;3;55
AI335;VTBS;VIDP;Airbus A320;4;0
AI915;VIDP;OMDB;Boeing 787-8;2;50
AI929;VIDP;OMDB;Boeing 787-8;2;50
AI947;VIDP;OMDB;Airbus A320;3;10
AI995;VIDP;OMDB;Airbus A359;3;5
AI918;OMDB;VIDP;Airbus A320;3;10
AI930;OMDB;VIDP;Boeing 787-8;2;50
AI916;OMDB;VIDP;Boeing 787-8;3;0
AI948;OMDB;VIDP;Airbus A320;3;10
AI996;OMDB;VIDP;Airbus A359;2;55
AI376;VIDP;VTSP;Airbus A320;4;15
AI378;VIDP;VTSP;Airbus A320;4;20
AI379;VTSP;VIDP;Airbus A320;3;55
AI377;VTSP;VIDP;Airbus A320;3;57
AI113;VIDP;EGBB;Boeing 787-8;8;30
AI114;EGBB;VIDP;Boeing 787-8;8;10
AI111;VIDP;EGLL;Boeing 787-8;8;35
AI161;VIDP;EGLL;Airbus A359;8;30
AI165;VIDP;EGLL;Boeing 787-8;8;25
AI162;EGLL;VIDP;Airbus A359;7;55
AI112;EGLL;VIDP;Boeing 787-8;7;45
AI166;EGLL;VIDP;Boeing 787-8;7;40
AI127;VIDP;KORD;Boeing 777-300ER;14;10
AI126;KORD;VIDP;Boeing 777-300ER;13;45
AI105;VIDP;KEWR;Airbus A359;14;10
AI104;KIAD;VIDP;Boeing 777-300ER;13;10
AI106;KEWR;VIDP;Airbus A359;13;5
AIH49;VIDP;KJFK;Boeing 777-300ER;14;15
AIH50;KJFK;VIDP;Boeing 777-300ER;13;0
AI173;VIDP;KSFO;Boeing 777-200LR;16;30
AI183;VIDP;KSFO;Boeing 777-200LR;14;45
AI174;KSFO;VIDP;Boeing 777-200LR;16;30
AI184;KSF0;VIDP;Boeing 777-200LR;14;50
AI103;VIDP;KIAD;Boeing 777-300ER;14;15
AI139;VIDP;LLBG;Boeing 787-8;5;30
AI140;LLBG;VIDP;Boeing 787-8;4;45
AI310;VABB;YMML;Boeing 787-8;11;0
AI989;VABB;OKKK;Airbus A320;3;30
AI990;OKKK;VABB;Airbus A320;3;45
AI985;VABB;OOMS;Airbus A320;2;20
AI986;OOMS;VABB;Airbus A320;3;30
AI981;VABB;OTHH;Airbus A320;2;50
AI982;OTHH;VABB;Airbus A320;3;0
AI931;VABB;OEJN;Airbus A320;4;20
AI932;OEJN;VABB;Airbus A320;4;0
AI921;VABB;OERK;Airbus A320;4;30
AI922;OERK;VABB;Airbus A320;3;30
AI342;VABB;WSSS;Airbus A320;5;27
AI343;WSSS;VABB;Airbus A320;5;15
AI330;VABB;VTBS;Airbus A320;4;10
AI331;VTBS;VABB;Airbus A320;4;10
AI919;VABB;OMDB;Airbus A320;2;30
AI909;VABB;OMDB;Boeing 787-8;2;30
AI983;VABB;OMDB;Airbus A359;2;25
AI920;OMDB;VABB;Airbus A320;2;50
AI984;OMDB;VABB;Airbus A359;2;55
AI129;VABB;EGLL;Boeing 777-300ER;9;50
AI128;EGLL;VABB;Boeing 777-300ER;9;30
AI191;VABB;KEWR;Boeing 777-300ER;15;0
AI144;KEWR;VABB;Boeing 777-300ER;14;30
AI119;VABB;KJFK;Boeing 777-300ER;15;10
AI116;KJFK;VABB;Boeing 777-300ER;14;25
AI179;VABB;KSFO;Boeing 777-300ER;17;0
AI171;VAAH;EGKK;Boeing 787-8;8;55
AI172;EGKK;VAAH;Boeing 787-8;8;30
AI392;VOBL;WSSS;Airbus A320;4;40
AI393;WSSS;VOBL;Airbus A320;4;30
AI175;VOBL;KSFO;Boeing 777-200LR;17;5
AI176;KSF0;VOBL;Boeing 777-200LR;17;0
AI951;VOHS;OMDB;Airbus A320;3;20
AI247;VECC;VNKT;Airbus A320;0;58
AI248;VNKT;VECC;Airbus A320;0;55
AI542;VOHS;VOTP;Airbus A320;0;50
AI541;VOTP;VOHS;Airbus A320;0;45
AI559;VOHS;VIDP;Airbus A320;1;55
AI541;VOHS;VIDP;Airbus A320;1;55
AI418;VOHS;VIDP;Airbus A321;2;0
AI523;VOHS;VIDP;Airbus A359;1;55
AI840;VOHS;VIDP;Boeing 777-300ER;1;51
AI515;VOHS;VOBL;Airbus A320;0;50
AI587;VOHS;VOBL;Airbus A359;0;57
AI652;VOHS;VABB;Airbus A320;1;10
AI698;VOHS;VABB;Airbus A320;1;5
AI618;VOHS;VABB;Airbus A320;1;5
AI616;VOHS;VABB;Airbus A321;1;20
AI591;VOHS;VABB;Airbus A359;1;10
AI546;VOHS;VOMM;Airbus A320;0;55
AI583;VOHS;VOMM;Airbus A359;0;50
AI818;VAAH;VIDP;Airbus A321;1;6
AI836;VAAH;VIDP;Airbus A321;1;10
AI532;VAAH;VIDP;Airbus A321;1;10
AI424;VAAH;VIDP;Boeing 787-8;1;5
AI614;VAAH;VABB;Airbus A320;1;4
AI632;VAAH;VABB;Airbus A320;1;10
AI614;VAAH;VABB;Airbus A320;1;0
AI501;VOBL;VIDP;Airbus A320;2;30
AI503;VOBL;VIDP;Airbus A320;2;20
AI505;VOBL;VIDP;Airbus A320;2;30
AI509;VOBL;VIDP;Airbus A320;2;30
AI804;VOBL;VIDP;Airbus A359;2;15
AI808;VOBL;VIDP;Airbus A321;2;30
AI589;VOBL;VABB;Airbus A359;1;36
AI604;VOBL;VABB;Airbus A320;1;25
AI610;VOBL;VABB;Airbus A320;1;25
AI622;VOBL;VABB;Airbus A320;1;25
AI628;VOBL;VABB;Airbus A359;1;50
AI642;VOBL;VABB;Airbus A320;1;20
IX769;VIDP;VOGO;Boeing 737MAX;2;3
AI561;VOBL;VOMM;Airbus A320;0;40
AI564;VOBL;VOMM;Airbus A320;0;45
AI585;VOBL;VOMM;Airbus A359;0;45
AI587;VOBL;VOMM;Airbus A359;0;45
AI516;VOBL;VOHS;Airbus A320;0;51
IX1596;VIDP;VIGR;Boeing 737MAX;0;47
AI583;VOBL;VOHS;Airbus A359;0;50
AI591;VOBL;VOHS;Airbus A359;0;50
IX1595;VIGR;VIDP;Boeing 737MAX;0;42
AI653;VABB;VOVZ;Airbus A320;2;10
AI654;VOVZ;VABB;Airbus A320;2;10
AI673;VABB;VEPT;Airbus A320;2;5
AI674;VEPT;VABB;Airbus A320;2;0
IX2784;VIDP;VABB;Boeing 737MAX;1;41
AI888;VABB;VIDP;Airbus A320;2;0
AI660;VABB;VIDP;Airbus A321;2;0
AI442;VABB;VIDP;Airbus A320;2;0
AI677;VABB;VIDP;Airbus A320;1;50
AI687;VABB;VIDP;Airbus A359;1;35
AI806;VABB;VIDP;Airbus A320;1;50
AI663;VABB;VOGO;Airbus A320;0;49
AI683;VABB;VOGO;Airbus A320;0;50
AI685;VABB;VOGO;Airbus A321;0;45
AI664;VOGO;VABB;Airbus A320;0;50
AI684;VOGO;VABB;Airbus A320;0;59
AI697;VOGO;VABB;Airbus A321;1;15
AI613;VABB;VAAH;Airbus A320;0;50
AI631;VABB;VAAH;Airbus A321;0;50
AI637;VABB;VAAH;Airbus A320;0;58
AI601;VABB;VABJ;Airbus A320;0;59
AI602;VABJ;VABB;Airbus A320;0;50
AI647;VABB;VAJM;Airbus A321;0;53
AI648;VAJM;VABB;Airbus A321;0;50
AI655;VABB;VAHS;Airbus A320;0;45
AI659;VABB;VAHS;Airbus A320;0;45
AI656;VAHS;VABB;Airbus A320;0;40
AI688;VAHS;VABB;Airbus A320;0;40
AI669;VABB;VABO;Airbus A320;0;40
AI670;VABO;VABB;Airbus A320;0;40
AI679;VABB;VOML;Airbus A320;1;5
AI689;VABB;VOML;Airbus A320;1;0
AI680;VOML;VABB;Airbus A320;1;0
AI657;VABB;VOTV;Airbus A320;1;50
AI667;VABB;VOTV;Airbus A320;1;50
AI658;VOTV;VABB;Airbus A320;1;45
AI668;VOTV;VABB;Airbus A320;1;50
AI635;VABB;VAID;Airbus A320;1;5
AI636;VAID;VABB;Airbus A320;1;0
AI629;VABB;VANP;Airbus A320;1;12
AI630;VANP;VABB;Airbus A320;1;10
AI649;VABB;VIAR;Airbus A320;1;52
AI650;VIAR;VABB;Airbus A320;1;50
AI611;VABB;VIJP;Airbus A320;1;20
AI612;VIJP;VABB;Airbus A320;1;20
AI645;VABB;VIJO;Airbus A320;1;10
AI646;VIJO;VABB;Airbus A320;1;10
AI643;VABB;VAUD;Airbus A320;1;0
AI644;VAUD;VABB;Airbus A320;1;0
AI609;VABB;VOCB;Airbus A320;1;34
AI661;VABB;VOCB;Airbus A320;1;30
AI608;VOCB;VABB;Airbus A320;1;25
AI662;VOCB;VABB;Airbus A320;1;30
AI531;VIDP;VAAH;Airbus A321;1;15
AI615;VABB;VOHS;Airbus A321;1;10
AI617;VABB;VOHS;Airbus A320;1;5
AI619;VABB;VOHS;Airbus A321;1;10
AI651;VABB;VOHS;Airbus A320;1;0
AI625;VABB;VILK;Airbus A321;1;50
AI626;VILK;VABB;Airbus A321;1;50
AI675;VABB;VECC;Airbus A321;2;25
AI774;VABB;VECC;Airbus A320;2;20
AI776;VABB;VECC;Airbus A320;2;25
AI676;VECC;VABB;Airbus A321;2;25
AI775;VECC;VABB;Airbus A320;2;20
AI773;VECC;VABB;Airbus A320;2;25
AI570;VABB;VOMM;Airbus A320;1;50
AI572;VABB;VOMM;Airbus A320;1;30
AI573;VABB;VOMM;Airbus A321;1;35
AI589;VABB;VOMM;Airbus A359;1;36
AI671;VABB;VOMM;Airbus A320;1;40
AI571;VOMM;VABB;Airbus A320;1;38
AI574;VOMM;VABB;Airbus A321;1;30
AI575;VOMM;VABB;Airbus A320;1;35
AI585;VOMM;VABB;Airbus A359;1;38
AI672;VOMM;VABB;Airbus A320;1;40
AI585;VABB;VOBL;Airbus A359;1;39
AI591;VABB;VOBL;Airbus A359;1;30
AI603;VABB;VOBL;Airbus A320;1;20
AI607;VABB;VOBL;Airbus A320;1;20
AI621;VABB;VOBL;Airbus A320;1;20
AI639;VABB;VOBL;Airbus A320;1;27
AI641;VABB;VOBL;Airbus A320;1;20
AI881;VIDP;VOGO;Airbus A321;2;10
AI885;VIDP;VOGO;Airbus A321;2;10
AI886;VOGO;VIDP;Airbus A321;1;55
AI882;VOGO;VIDP;Airbus A321;2;10
AI421;VIDP;VAAH;Boeing 787-8;1;5
AI423;VIDP;VAAH;Boeing 787-8;1;0
AI481;VIDP;VAAH;Airbus A321;1;10
AI493;VIDP;VAAH;Airbus A320;1;15
AI403;VIDP;VAHS;Airbus A320;1;19
AI404;VAHS;VIDP;Airbus A320;1;10
AI819;VIDP;VABO;Airbus A321;1;15
AI823;VIDP;VABO;Airbus A320;1;25
AI824;VABO;VIDP;Airbus A320;1;20
AI820;VABO;VIDP;Airbus A321;1;20
AI821;VIDP;VIJU;Airbus A321;1;48
AI822;VIJU;VIDP;Airbus A321;1;5
AI827;VIDP;VISR;Airbus A320;1;10
AI825;VIDP;VISR;Airbus A321;1;5
AI826;VISR;VIDP;Airbus A321;1;5
AI828;VISR;VIDP;Airbus A320;1;10
AI506;VIDP;VOBL;Airbus A359;2;20
AI502;VIDP;VOBL;Airbus A320;2;30
AI512;VIDP;VOBL;Airbus A359;2;15
AI520;VIDP;VOBL;Airbus A320;2;20
AI807;VIDP;VOBL;Airbus A321;2;15
AI420;VIDP;VOCI;Boeing 787-8;2;30
AI528;VIDP;VOCI;Airbus A320;2;35
AI831;VIDP;VOCI;Airbus A321;2;30
AI801;VIDP;VOTV;Airbus A320;3;0
AI829;VIDP;VOTV;Airbus A320;2;55
AI445;VIDP;VILH;Airbus A320;1;15
AI477;VIDP;VILH;Airbus A320;1;10
AI446;VILH;VIDP;Airbus A320;1;10
AI433;VIDP;VABP;Airbus A321;0;55
AI435;VIDP;VABP;Airbus A321;0;55
AI434;VABP;VIDP;Airbus A321;0;55
AI436;VABP;VIDP;Airbus A321;0;55
AI636;VIDP;VAID;Airbus A320;1;5
AI635;VAID;VIDP;Airbus A320;1;5
AI443;VIDP;VAAU;Airbus A320;1;30
AI444;VAAU;VIDP;Airbus A320;1;30
SQ392;WSSS;LTFM;Airbus A359;11;35
SQ391;LTFM;WSSS;Airbus A359;11;35
SQ600;WSSS;RKSI;Airbus A359;6;35
SQ601;RKSI;WSSS;Airbus A359;6;35
SQ801;ZBAA;WSSS;Boeing 777-300ER;6;35
IX2773;VABB;VIDP;Boeing 737MAX;1;50
IX783;VIDP;VEIM (VIA VEGT);Boeing 737MAX;2;55
IX784;VEIM;VIDP (VIA VEGT);Boeing 737MAX;2;50
IX2789;VIDP;VIJP;Boeing 737MAX;0;45
IX769;VIJP;VIDP;Boeing 737MAX;0;32
I5548/I5738;VIDP;VILK;Airbus A320;0;50
I5330/I5552;VILK;VIDP;Airbus A320;0;55
IX135;VIDP;OMSJ;Boeing 737MAX;3;5
IX136;OMSJ;VIDP;Boeing 737MAX;3;20
IX782/IX1789/IX1596;VOBL;VOML;Boeing 737MAX;0;40
IX1790/IX678/IX1599;VOML;VOBL;Boeing 737MAX;0;47
IX1132/IX4702;VOBL;VOCI;Airbus A320;0;47
SQ231;WSSS;YSSY;Airbus A380;8;5
SQ232;YSSY;WSSS;Airbus A380;8;5
SQ306;WSSS;EGLL;Airbus A380;12;55
SQ305;EGLL;WSSS;Boeing 777-300ER;12;55
SQ802;WSSS;ZBAA;Boeing 777-300ER;6;35
SQ827;ZSPD;WSSS;B787-10;5;20
SQ826;WSSS;ZSPD;B787-10;5;20
SQ874;WSSS;VHHH;Airbus A330-300;3;45
SQ875;VHHH;WSSS;Boeing 777-300ER;3;45
SQ48;WSSS;CYVR;Airbus A359;14;30
SQ47;CYVR;WSSS;Airbus A359;14;30
SQ107;WMKK;WSSS;Boeing 737-800;1;0
SQ106;WSSS;WMKK;Airbus A330-300;1;0
SQ184;WSSS;VVTS;Airbus A330-300;2;10
SQ183;VVTS;WSSS;Boeing 737-800;2;10
SQ530;WSSS;VAAH;Airbus A330-300;5;30
SQ531;VAAH;WSSS;Airbus A330-300;5;30
SQ1705;VTBS;WSSS;Airbus A330-300;2;25
SQ1706;WSSS;VTBS;Airbus A330-300;2;25
TR396;WSSS;RPLL;Airbus A320;4;0
TR397;RPLL;WSSS;Airbus A320;4;0
SQ28;WSSS;KSEA;Airbus A359;15;50
SQ27;KSEA;WSSS;Airbus A359;15;50
FR420;EIDW;EHAM;Boeing 737-800;1;30
FR421;EHAM;EIDW;Boeing 737-800;1;30
FR657;EIDW;EBBR;Boeing 737-800;1;50
FR658;EBBR;EIDW;Boeing 737-800;1;50
FR6485;EIDW;LFBD;Boeing 737-800;1;55
FR6486;LFBD;EIDW;Boeing 737-800;1;55
FR562;EIDW;EGCC;Boeing 737-800;1;0
FR563;EGCC;EIDW;Boeing 737-800;1;0
FR814;EIDW;EGPH;Boeing 737-800;1;10
FR815;EGPH;EIDW;Boeing 737-800;1;10
FR4097;EVRA;EIDW;Boeing 737-800;2;55
FR4098;EIDW;EVRA;Boeing 737-800;2;55
FR3294;EVRA;LEMG;Boeing 737-800;4;15
FR3295;LEMG;EVRA;Boeing 737-800;4;15
FR9163;EGBB;LEMD;Boeing 737-800;2;0
FR2084;LEMD;EGBB;Boeing 737-800;2;0
FR1129;EGBB;GCLP;Boeing 737-800;4;0
FR1128;GCLP;EGBB;Boeing 737-800;4;0
FR6762;EGHH;GCRR;Boeing 737-800;3;55
FR6763;GCRR;EGHH;Boeing 737-800;3;55
FR4927;EGCC;LCPH;Boeing 737-800;4;30
FR4928;LCPH;EGCC;Boeing 737-800;4;30
FR9032;EGCC;LPPD;Boeing 737-800;3;50
FR9033;LPPD;EGCC;Boeing 737-800;3;50
FR3218;EGCC;LGAV;Boeing 737-800;3;30
FR3219;LGAV;EGCC;Boeing 737-800;3;30
FR3126;EGCC;GMMX;Boeing 737-800;3;30
FR3127;GMMX;EGCC;Boeing 737-800;3;30
MS603;HECA;LLBG;Boeing 737-800;1;25
MS604;LLBG;HECA;Boeing 737-800;1;25
MS627;HECA;ORBI;Boeing 737-800;1;50
MS628;ORBI;HECA;Boeing 737-800;1;50
MS610;HECA;OKKK;Airbus A321;2;0
MS611;OKKK;HECA;Airbus A321;2;0
MS639;HECA;OEMA;Boeing 737-800;1;40
MS640;OEMA;HECA;Boeing 737-800;1;40
MS749;HECA;LGAV;Boeing 737-800;1;45
MS748;LGAV;HECA;Boeing 737-800;1;45
MS966;HECA;OMSJ;Airbus A320;2;40
MS967;OMSJ;HECA;Airbus A320;2;40
MS703;HECA;LIMC;Airbus A330-300;3;45
MS533;LIMC;HECA;Airbus A330-300;3;45
MS767;HECA;LEBL;Boeing 737-800;4;15
MS768;LEBL;HECA;Boeing 737-800;4;15
MS865;HECA;HSPN;Boeing 737-800;1;50
MS866;HSPN;HECA;Boeing 737-800;1;50
MS759;HECA;EKCH;Boeing 737-800;4;15
MS760;EKCH;HECA;Boeing 737-800;4;15
MS725;HECA;EBBR;Boeing 737-800;4;30
MS726;EBBR;HECA;Boeing 737-800;4;30
MS964;HECA;RJAA;Boeing 777-300ER;11;30
MS965;RJAA;HECA;Boeing 777-300ER;11;30
MS781;HECA;EGCC;Boeing 767-300;5;0
MS782;EGCC;HECA;Boeing 767-300;5;0
MS977;HECA;WIII;Boeing 777-300ER;9;45
MS978;WIII;HECA;Boeing 777-300ER;9;45
MS981;HECA;KIAD;Boeing 787-9;11;40
MS982;KIAD;HECA;Boeing 787-9;11;40
MS958;HECA;ZGGG;Boeing 777-300ER;8;50
MS959;ZGGG;HECA;Boeing 777-300ER;8;50
MS839;HECA;FAOR;Airbus A330-300;7;45
MS840;FAOR;HECA;Airbus A330-300;7;45
MS970;HECA;VGHS;Boeing 787-9;6;20
MS971;VGHS;HECA;Boeing 787-9;6;20
MS552;HECA;DNMM;Airbus A330-300;5;40
MS553;DNMM;HECA;Airbus A330-300;5;40
MS512;HECA;HKJK;Boeing 737-800;4;30
MS513;HKJK;HECA;Boeing 737-800;4;30
EK9919(A);OMDW;LEZG;Boeing 777F;7;35
EK9919(C);MMMX;SEQM;Boeing 777F;4;0
EK9936(A);MMMX;MMGL;Boeing 777F;1;0
EK9936(B);MMGL;KIAH;Boeing 777F;1;30
EK448 (A);OMDB;WMKK;Boeing 777-300ER;7;0
EK448 (B);WMKK;NZAA;Boeing 777-300ER;10;0
EK209(B);LGAV;KEWR;Boeing 777-300ER;10;10
EK210(A);KEWR;LGAV;Boeing 777-300ER;8;50
EK701;OMDB;FIMP;Airbus A380;6;30
EK702;FIMP;OMDB;Airbus A380;6;30
EK641;OAKB;OMDB;Boeing 777-300ER;3;10
EK570;OMDB;VECC;Boeing 777-300ER;4;10
EK571;VECC;OMDB;Boeing 777-300ER;5;0
EK500;OMDB;VABB;Airbus A380;2;30
EK501;VABB;OMDB;Airbus A380;2;40
EK971;OMDB;OIIE;Boeing 777-300ER;2;15
EK972;OIIE;OMDB;Boeing 777-300ER;2;15
EK564;OMDB;VOBL;Boeing 777-200LR, Boeing 777-300ER;3;20
EK785;OMDB;DNAA;Boeing 777-300ER;6;40
EK786;DNAA;OMDB;Boeing 777-300ER;6;30
EK793;OMDB;FNLU;Boeing 777-300ER;7;45
EK794;FNLU;OMDB;Boeing 777-300ER;7;50
KE856;ZBAA;RKSI;B777-200ER;1;25
KE854;ZBAA;RKSI;Boeing 737-800;1;25
KE853;RKSI;ZBAA;Boeing 737-800;1;30
KE855;RKSI;ZBAA;B777-200ER;1;30
IX1130/IX4701;VOCI;VOBL;Airbus A320;0;56
IX934;VOTV;VOBL;Boeing 737MAX;1;12
AI856;VIDP;VABB;Airbus A359;1;50
AI441;VIDP;VABB;Boeing 787-8;1;50
AI887;VIDP;VABB;Airbus A321;1;50
AI429;VIDP;VOMM;Airbus A320;2;25
AI439;VIDP;VOMM;Airbus A321;2;25
AI483;VIDP;VOMM;Boeing 777-300ER;2;25
AI847;VIDP;VAPO;Airbus A321;1;30
AI849;VIDP;VAPO;Airbus A320;1;30
TK78;KMIA;LTFM;Boeing 777-300ER;12;20
SV740;OERK;VABB;Airbus A330-300;4;15
SV741;VABB;OERK;Airbus A330-300;4;15
SV542;OEJN;OTHH;Airbus A320;2;1
SV543;OTHH;OEJN;Airbus A320;2;1
SV421;OEJN;HAAB;Airbus A320;2;0
SV420;HAAB;OEJN;Airbus A320;2;0
SV570;OEJN;OMAA;Airbus A320;2;21
SV571;OMAA;OEJN;Airbus A320;2;21
SV195;0EJN;LGAV;Airbus A320;3;42
SV196;LGAV;OEJN;Airbus A320;3;42
SV758;OEJN;VIDP;Boeing 777-300ER;4;52
SV759;VIDP;OEJN;Boeing 777-300ER;4;52
SV175;OEJN;EDDM;Airbus A321;4;58
SV174;EDDM;OEJN;Airbus A321;4;58
SV866;OEJN;VOBL;Airbus A330-300;5;5
SV867;VOBL;OEJN;Airbus A330-300;5;5
SV101;OEJN;EGKK;B787-10;5;44
SV100;EGKK;OEJN;B787-10;5;44
SV215;OEJN;EHAM;Boeing 787-9;5;24
SV216;EHAM;OEJN;Boeing 787-9;5;24
SV834;OEJN;WMKK;Boeing 777-300ER;8;2
SV835;WMKK;OEJN;Boeing 777-300ER;8;2
SV818;OEJN;WIII;Boeing 777-300ER;9;0
SV819;WIII;OEJN;Boeing 777-300ER;9;0
SV35;OEJN;KIAD;Boeing 777-300ER;12;51
SV36;KIAD;OEJN;Boeing 777-300ER;12;51
SV886;OEJN;ZBAD;Boeing 787-9;10;7
SV887;ZBAD;OEJN;Boeing 787-9;10;7
SV152;OEJN;RJAA;Boeing 777-300ER;11;0
SV153;RJAA;OEJN;Boeing 777-300ER;11;0
TK1061;LTFM;LJLJ;Airbus A321;2;0
TK1062;LJLJ;LTFM;Airbus A321;2;0
TK1789;LTFM;ESSA;Boeing 737-800;3;10
TK1790;ESSA;LTFM;Boeing 737-800;3;10
TK1630;EDDM;LTFM;Airbus A321;3;10
TK676;LTFM;HAAB;Airbus A330-300;5;0
TK677;HAAB;LTFM;Airbus A330-300;5;0
TK716;LTFM;VIDP;Boeing 777-300ER;5;40
TK717;VIDP;LTFM;Boeing 777-300ER;5;40
TK626;LTFM;DNMM;Airbus A330-300;6;50
TK626;DNMM;LTFM;Airbus A330-300;6;50
TK77;LTFM;KMIA;Boeing 777-300ER;12;20
TK205;LTFM;KDTW;Boeing 787-9;10;0
TK206;KDTW;LTFM;Boeing 787-9;10;0
TK5;LTFM;KORD;Airbus A359;11;30
TK6;KORD;LTFM;Airbus A359;11;30
TK193;LTFM;SBGR;Airbus A359;12;0
TK194;SBGR;LTFM;Airbus A359;12;0
BW430;TTPP;TGPY;Bombardier Dash 8-Q400;0;31
BW431;TGPY;TTPP;Bombardier Dash 8-Q400;0;31
BW6;KJFK;MKJP;Boeing 737-800;3;17
BW78;CYYZ;MKJP;Boeing 737-800;3;36
BW417;MKJP;TNCM;Boeing 737-800;1;46
BW418;TAPA;MKJP;Boeing 737-800;0;42
BW434;TTPP;TLPC;Bombardier Dash 8-Q400;0;59
BW435;TLPC;TTPP;Bombardier Dash 8-Q400;0;59
BW481;KJFK;SYCJ;Boeing 737-800;5;11
BW617;CYYZ;SYCJ;Boeing 737-800;5;22
BW436;TTPP;TVSA;Bombardier Dash 8-Q400;0;48
BW437;TVSA;TTPP;Bombardier Dash 8-Q400;0;46
BW462;TTPP;SYCJ;Boeing 737-800;0;54
HU7061;ZJHK;ZHHH;Boeing 737-800;2;0
HU7062;ZHHH;ZJHK;Boeing 737-800;2;0
HU767;ZJHK;VVTS;Boeing 737-800;1;30
HU768;VVTS;ZJHK;Boeing 737-800;1;30
HU439;ZBAA;RJAA;Boeing 737-800;3;10
HU440;RJAA;ZBAA;Boeing 737-800;3;10
HU74;ZJHK;WSSS;Boeing 737-800;3;10
HU748;WSSS;ZJHK;Boeing 737-800;3;10
HU7001;ZJHK;ZGGG;Boeing 737-800;0;55
HU7002;ZGGG;ZJHK;Boeing 737-800;0;55
HU7985;ZBAA;UUEE;Airbus A330-300;6;35
HU473;ZBAA;RJBB;Boeing 737-800;2;55
HU7986;UUEE;ZBAA;Airbus A330-300;6;35
HU474;RJBB;ZBAA;Boeing 737-800;2;35
HU429;ZBAA;VTBS;Boeing 737-800;4;45
HU430;VTBS;ZBAA;Boeing 737-800;4;45
HU461;ZJHK;VLVT;Boeing 737-800;2;0
HU462;VLVT;ZJHK;Boeing 737-800;2;0
HU6001;ZJHK;ZSCN;Boeing 737-800;2;25
HU6002;ZSCN;ZJHK;Boeing 737-800;2;25
HU485;ZJHK;YMML;Airbus A330-300;9;45
HU484;YMML;ZJHK;Airbus A330-300;9;45
HU797;ZJHK;NZAA;Boeing 787-9;10;30
HU798;NZAA;ZJHK;Boeing 787-9;10;30
HU763;ZJHK;OMAA;Airbus A330-300;7;0
HU764;OMAA;ZJHK;Airbus A330-300;7;0
HU751;ZBAA;EIDW;Airbus A330-300;10;45
HU752;EIDW;ZBAA;Airbus A330-300;10;45
HU753;ZBAA;EGCC;Airbus A330-300;10;20
HU754;EGCC;ZBAA;Airbus A330-300;10;20
AI786;VOMM;VECC;Airbus A320;2;20
AI785;VECC;VOMM;Airbus A320;2;0
KE896;ZSPD;RKSI;B737-9;1;25
KE895;RKSI;ZSPD;B737-9;1;30
KE896;ZSPD;RKSI;B777-200ER;1;35
KE895;RKSI;ZSPD;B777-200ER;1;35
KE172;VHHH;RKSI;Airbus A380;3;0
KE171;RKSI;VHHH;Airbus A380;3;0
KE185;RKSI;RCTP;B737-9;1;55
KE186;RCTP;RKSI;B737-9;1;55
KE663;RKSI;VTSP;B777-200ER;5;25
KE664;VTSP;RKSI;B777-200ER;5;25
KE695;RKSI;VNKT;Boeing 777-300ER;6;5
KE696;VNKT;RKSI;Boeing 777-300ER;6;5
KE53;RKSI;PHNL;Airbus A380;7;50
KE54;PHNL;RKSI;Airbus A380;7;50
KE85;RKSI;KJFK;Airbus A380;14;35
KE86;KJFK;RKSI;Airbus A380;14;35
KE81;KJFK;RKSI;Boeing 747-8;14;35
KE411;RKSI;NZAA;Boeing 787-9;11;15
KE412;NZAA;RKSI;Boeing 787-9;11;15
KE909;RKSI;EGCC;Boeing 777-300ER;11;30
KE910;EGCC;RKSI;Boeing 777-300ER;11;30
KE25;RKSI;KMIA;Boeing 787-9;16;0
KE26;KMIA;RKSI;Boeing 787-9;16;0
KE953;RKSI;OKKK;Boeing 777-300ER;7;30
KE954;OKKK;RKSI;Boeing 777-300ER;7;30
AI346;VOMM;WSSS;Airbus A320;4;12
AI347;WSSS;VOMM;Airbus A320;4;12
AI734;VEMN;VEIM;Airbus A320;0;30
AI479;VIDP;VIAR;Airbus A321;0;50
AI461;VIDP;VIAR;Airbus A320;0;50
AI454;VIAR;VIDP;Airbus A321;0;50
AI462;VIAR;VIDP;Airbus A320;0;50
AI492;VIAR;VIDP;Boeing 787-8;0;45
AI787;VECC;VOPB;Airbus A320;1;58
AI788;VOPB;VECC;Airbus A320;1;50
AI733;VECC;VEIM;Airbus A320;1;0
AI733;VEIM;VEMN;Airbus A320;0;35
AI734;VEIM;VECC;Airbus A320;1;0
AI709;VECC;VEGT;Airbus A320;1;5
AI709;VEGT;VEMR;Airbus A320;0;50
AI710;VEMR;VEGT;Airbus A320;0;50
AI710;VEGT;VECC;Airbus A320;1;5
AI753;VECC;VEKU;Airbus A320;1;10
AI754;VEKU;VECC;Airbus A320;1;10
AI763;VECC;VIDP;Airbus A321;1;55
AI768;VECC;VIDP;Airbus A320;1;58
AI764;VIDP;VECC;Airbus A320;1;55
AI762;VIDP;VECC;Airbus A321;1;58
AI676;VECC;VABB;Airbus A321;2;41
AI773;VECC;VABB;Airbus A320;2;19
AI675;VABB;VECC;Airbus A321;2;30
AI785;VECC;VOMM;Airbus A320;1;54
AI786;VOMM;VECC;Airbus A320;1;58
AI743;VECC;VEAT;Airbus A320;0;45
AI744;VEAT;VECC;Airbus A320;0;45
AI834;VOCI;VIDP;Airbus A320;3;0
AI832;VOCI;VIDP;Airbus A321;3;0
AI833;VIDP;VOCI;Airbus A320;3;0
AI831;VIDP;VOCI;Airbus A321;3;0
AI517;VOCI;VABB;Airbus A320;1;35
AI518;VABB;VOCI;Airbus A320;1;45
AI430;VOMM;VIDP;Airbus A321;2;30
AI440;VOMM;VIDP;Airbus A320;2;30
AI549;VOMM;VOPB;Airbus A320;1;58
AI550;VOPB;VOMM;Airbus A320;1;55
AI563;VOMM;VOBL;Airbus A320;0;40
AI583;VOMM;VOBL;Airbus A359;0;30
AI585;VOBL;VOMM;Airbus A359;0;30
AI564;VOBL;VOMM;Airbus A320;1;5
AI429;VOMM;VOCB;Airbus A320;0;40
AI539;VOCB;VOMM;Airbus A320;0;40
AI671;VOMM;VOMD;Airbus A320;0;50
AI672;VOMD;VOMM;Airbus A320;0;50
AI406;VIDP;VEBN;Airbus A320;1;5
AI405;VEBN;VIDP;Airbus A320;1;5
NH93;RJTT;RJBB;Boeing 737-800;0;55
NH94;RJBB;RJTT;Boeing 737-800;0;55
NH51;RJTT;RJCC;Boeing 737-800;1;9
NH50;RJCC;RJTT;Boeing 737-800;1;9
NH492;RJGG;RJAA;Bombardier Dash 8-Q400;0;55
NH491;RJAA;RJGG;Bombardier Dash 8-Q400;0;55
NH951;RJBB;ZSHC;Airbus A320;2;28
NH952;ZSHC;RJBB;Airbus A320;2;28
NH1732;ROAH;RJBB;Airbus A320;1;30
NH1731;RJBB;ROAH;Airbus A320;1;30
NH829;RJAA;VABB;Boeing 787-9;9;27
NH830;VABB;RJAA;Boeing 787-9;9;27
NH180;RJAA;MMMX;Boeing 787-8;11;44
NH179;MMMX;RJAA;Boeing 787-8;11;44
NH211;RJTT;EGLL;Boeing 777-300ER;12;9
NH212;EGLL;RJTT;Boeing 777-300ER;12;9
NH216;LFPG;RJTT;Boeing 787-9;10;55
NH215;RJTT;LFPG;Boeing 787-9;10;55
NH114;RJTT;KIAH;Boeing 777-300ER;12;20
NH113;KIAH;RJTT;Boeing 777-300ER;12;20
NH875;RJGG;VHHH;Airbus A320;4;15
NH876;VHHH;RJGG;Airbus A320;4;15
NH979;RJBB;ZBAA;Airbus A320;3;35
NH780;ZBAA;RJBB;Airbus A320;3;35
NH8596;RJAA;RPLL;Boeing 767-300;4;0
NH8597;RPLL;RJAA;Boeing 767-300;4;0
NH8539;RJAA;RCTP;Boeing 767-300;3;35
NH8540;RCTP;RJAA;Boeing 767-300;3;35
KZ134;RJAA;PANC;Boeing 747-8;6;45
KZ131;PANC;RJAA;Boeing 747-8;6;45
AI848;VAPO;VIDP;Airbus A320;1;30
AI910;OMDB;VABB;Boeing 787-8;2;50
AI910;OMDB;VABB;Airbus A320;2;30
AI633;VABB;VABP;Airbus A320;1;0
AI634;VABP;VABB;Airbus A320;1;0
IX1346/IX2797;VOCL;VOBL;Airbus A320, Boeing 737-800;0;55
IX1595;VOBL;VIGR;Boeing 737-800;2;27
IX1596;VIGR;VOBL;Boeing 737-800;2;2
IX1428;VOBL;VAPO;Airbus A320;1;26
IX1132;VAPO;VOBL;Airbus A320;1;15
IX1427/IX1766;VOBL;VIJP;Airbus A320, Boeing 737-800;2;25
IX1767;VIJP;VOBL;Boeing 737-800;2;35
IX1228;VOBL;VOHS;Boeing 737MAX;1;8
IX1229;VOHS;VOBL;Boeing 737MAX;0;50
IX938/IX934/IX1642;VOBL;VEBN;Boeing 737-800;2;25
IX932/IX937/IX1622;VEBN;VOBL;Boeing 737-800;2;15
IX714;VOBL;VOKN;Boeing 737-800;0;39
IX790/IX889;VOML;VOKN;Boeing 737-800;0;43
IX789/IX890;VOKN;VOML;Boeing 737-800;0;23
IX789;VOML;OBBI;Boeing 737-800;3;37
IX790;OBBI;VOML;Boeing 737-800;4;16
IX837;VOBL;OMAA;Boeing 737-800;3;45
IX838;OMAA;VOBL;Boeing 737-800;3;55
IX893;VOML;OKKK;Boeing 737-800;4;6
IX817;VOML;OOMS;Boeing 737-800;3;30
IX818;OOMS;VOML;Boeing 737-800;3;5
IX821;VOML;OTHH;Boeing 737-800;3;32
IX822;OTHH;VOML;Boeing 737-800;3;51
IX884/IX886;OEDF;VOML;Boeing 737-800;4;10
IX815/IX819/IX1790;VOML;OMAA;Boeing 737-800;3;40
AY33;EFHK ;KSEA;Airbus A330-300;9;40
AY34;KSEA;EFHK;Airbus A330-300;9;40
AY1;EFHK;KLAX;Airbus A359;11;30
AY1985B;EFHK;MMUN;Airbus A359;11;30
AY17;ESSA;KMIA;Airbus A359;9;50
AY18;KMIA;ESSA;Airbus A359;9;50
AY9;EFHK;KORD;Airbus A359;9;0
AY10;KORD;EFHK;Airbus A359;9;0
AY2132;EFHK;HEGN;Airbus A321;4;50
AY2133;HEGN;EFHK;Airbus A321;4;50
AY2133;EFHK;GCRR;Airbus A321;6;15
AY2134;GCRR;EFHK;Airbus A321;6;15
AY1731;EFHK;LPMA;Airbus A320;5;40
AY1732;LPMA;EFHK;Airbus A320;5;40
AY1691;EFHK;GCTS;Airbus A320;6;10
AY1692;GCTS;EFHK;Airbus A320;6;10
AY1687;EFHK;LPPR;Airbus A321;4;10
AY1688;LPPR;EFHK;Airbus A321;4;10
AY1571;EFHK;LFPG;Airbus A321;2;40
AY1572;LFPG;EFHK;Airbus A321;2;40
AY1653;EFHK;LEBL;Airbus A321;3;30
AY1654;LEBL;EFHK;Airbus A321;3;30
AY1511;EFHK;LSZH;Airbus A320;2;40
AY1512;LSZH;EFHK;Airbus A320;2;40
AY531;EFHK;EFRO;Airbus A320;1;25
AY532;EFRO;EFHK;Airbus A320;1;25
AY861;EFHK;ESGG;Airbus A321;1;30
AY862;ESGG;EFHK;Airbus A321;1;30
CI130;RCTP;RJCC;Boeing 777-300ER;3;30
CI164;RCKH;RKSI;Airbus A321;2;50
CI78;RCKH;RJOT;Airbus A321;2;30
CI260;RCTP;RKSS;Boeing 737-800;2;20
CI701;RCTP;RPLL;Airbus A330-300;2;10
CI761;RCTP;WIII;Airbus A359;5;10
CI753;RCTP;WSSS;Airbus A330-300;4;30
CI28;RCTP;PTRO;Airbus A321;4;30
CI771;RCTP;WADD;Airbus A330-300;5;20
CI5116;RCTP;KLAX;Boeing 777F;11;30
CI4;RCTP ;KSFO;Airbus A359;11;30
CI4;RCTP;KSFO;Boeing 747-8;11;30
CI24;RCTP;KONT;Boeing 777-300ER;12;0
CI64;RCTP;LOWW;Airbus A359;15;30
CI81;RCTP;EGLL;Airbus A359;16;0
ET847;HAAB;FACT;Boeing 787-8;6;30
ET846;FACT;HAAB;Boeing 787-8;6;30
ET640;HAAB;VABB;Airbus A359;5;0
ET641;VABB;HAAB;Airbus A359;5;0
ET692;HAAB;VOMM;Airbus A359;5;25
ET693;VOMM;HAAB;Airbus A359;5;25
ET686;HAAB;VIDP;Boeing 777-200LR;6;0
ET689;VIDP;HAAB;Boeing 777-200LR;6;0
ET690;HAAB;VOBL;Boeing 737MAX;5;15
ET691;VOBL;HAAB;Boeing 737MAX;5;15
ET704;HAAB;LFPG;Airbus A359;7;45
ET705;LFPG;HAAB;Airbus A359;7;45
ET706;HAAB;EDDF;Airbus A359;7;30
ET707;EDDF;HAAB;Airbus A359;7;30
ET506;HAAB;SBGR;Airbus A359;12;0
ET507;SBGR;HAAB;Airbus A359;12;0
ET702;HAAB;LIRF;Boeing 787-8;6;45
ET703;LIRF;HAAB;Boeing 787-8;6;45
ET519;KATL;HAAB;Boeing 787-9;13;30
ET322;HAAB;HKMO;Boeing 787-9;2;20
ET323;HKMO;HAAB;Boeing 787-9;2;20
ET624;HAAB;OOMS;Boeing 737-800;3;40
ET625;OOMS;HAAB;Boeing 737-800;3;40
ET810;HAAB;HBBA;Boeing 737-800;2;15
ET811;HBBA;HAAB;Boeing 737-800;2;15
ET812;HAAB;HTZA;B737-9;2;30
ET813;HTZA;HAAB;B737-9;2;30
ET432;HAAB;OTHH;B737-9;4;5
ET433;OTHH;HAAB;B737-9;4;5
CI704;RPLL;RCTP;Airbus A330-300;2;10
OD1(B);PHNL ;PGUM;Boeing 737-900;8;0
AI151;VIDP;LSZH;Boeing 787-8;8;15
AI152;LSZH;VIDP;Boeing 787-8;8;15
AIH01;VIDP;YPAD;Boeing 747-400;11;0
AIH02;YPAD;VIDP;Boeing 747-400;11;0
AIH03;VIDP;KJFK;Boeing 747-400;14;0
AIH04;KJFK;VIDP;Boeing 747-400;14;0
AIH05;VIDP;ZSPD ;Boeing 787-8;8;0
AIH06;ZSPD;VIDP;Boeing 787-8;8;0
AIH07;VIDP;VOCB;Airbus A320;3;0
AIH08;VOCB;VIDP;Airbus A320;3;0
AIH09;VIDP;OYSN;Boeing 747-400;5;0
AIH10;OYSN;VIDP;Boeing 747-400;5;0
AIH11;VIDP;UUEE;Boeing 747-400;6;0
AIH12;UUEE;VIDP;Boeing 747-400;5;30
AIH13;VIDP ;FIMP;Boeing 747-400;7;0
AIH14;FIMP;VIDP;Boeing 747-400;7;0
AIH15;VABB;OMSJ;Boeing 747-400;4;0
AIH16;OMSJ;VABB;Boeing 747-400;4;0
AIH17;VABB;VIAR;Boeing 747-400;2;0
AIH18;VIAR;VABB;Boeing 747-400;2;0
AIH19;VABB;CYUL;Boeing 747-400;14;0
AIH20;CYUL;VABB;Boeing 747-400;14;0
AIH21;VABB;OYSN;Boeing 747-400;3;30
AIH22;OYSN;VABB;Boeing 747-400;3;30
AIH23;VABB;CYYZ;Boeing 747-400;12;0
AIH24;CYYZ;VABB;Boeing 747-400;13;0
AIH25;VABB;OMFJ;Boeing 747-400;3;0
AIH26;OMFJ;VABB;Boeing 747-400;3;30
AIH27;VABB;FALE;Boeing 747-400;9;0
AIH29;VABB;RKSI;Boeing 747-400;8;30
AIH30;RKSI;VABB;Boeing 747-400;8;30
AIH31;VABB;ZSPD (VIA VIDP, VTBS);Boeing 747-400;10;0
AIH32;ZSPD (VIA VTBS, VIDP);VABB;Boeing 747-400;10;0
AIH33;VABB;KLAX (VIA EDDF);Boeing 747-400;16;0
AIH34;KLAX (VIA EDDF);VABB;Boeing 747-400;16;30
AIH35;VABB;LIMF;Boeing 747-400;7;30
AIH36;LIMF;VABB;Boeing 747-400;7;30
AIH37;VABB;ZBAA;Boeing 747-400;7;30
AIH38;ZBAA;VABB;Boeing 747-400;8;0
AIH39;VABB;HAAB;Boeing 747-400;5;0
AIH40;HAAB;VABB;Boeing 747-400;5;0
AIH41;VABB;YSSY;Boeing 747-400;13;0
AIH42;YSSY;VABB;Boeing 747-400;13;0
AIH43;VABB;ORBI;Boeing 747-400;4;0
AIH44;ORBI;VABB;Boeing 747-400;4;0
AIC2024;TBPB;VIDP;Boeing 777-200LR;15;40
OD1(C);PGUM;WMKK;Boeing 737-900;7;30
IX1170;VIDP;VOBL;Boeing 737MAX;2;25
IX174;OMDB;VASU;Boeing 737MAX;2;20
EY260;OMAA;VRMM;Boeing 777-300ER;4;10
EY289;VAAH;OMAA;Airbus A321;2;35
D7102;HKJK;WMKK;Airbus A330-300, Airbus A330-900;8;20
AIH59;VOBL;EGKK;Boeing 787-8;11;0
JT5384;VDSV;VDPP;Boeing 737-900;0;50
IX1591;VECC;VEGT;Boeing 737MAX;1;0
IX2516;VIGR;VOBL;Boeing 737MAX;2;10
EY261;VRMM;OMAA;Boeing 777-300ER;4;10
IX483;VOBL;OEDF;Boeing 737MAX;4;50
CI131;RJCC;RCTP;Boeing 777-300ER;4;5
XJ382;VTBD;YSSY;Airbus A330-300, Airbus A330-900;9;20
EK565;VOBL;OMDB;Boeing 777-300ER;3;40
AI189;VIDP;CYYZ;Boeing 777-200LR;14;40
IX1592;VEGT;VECC;Boeing 737MAX;1;10
IX2516;VOBL;VOBZ;Boeing 737MAX;0;45
EY5023;OMAA;VIJP;Airbus A321;3;15
IX484;OEDF;VOBL;Boeing 737MAX;4;0
XJ383;YSSY;VTBD;Airbus A330-300, Airbus A330-900;9;20
AI145;VOGA;EGKK;Boeing 787-8;9;30
AI238;VGHS;VIDP;Airbus A320;2;0
AI169;VIAR;EGKK;Boeing 787-8;8;30
AI170;EGKK;VIAR;Boeing 787-8;8;0
AI146;EGKK;VOGA;Boeing 787-8;10;0
AIH60;EGKK;VOBL;Boeing 787-8;10;30
AI190;CYYZ;VIDP;Boeing 777-200LR;13;30
IX1201;VEGT;VIDP;Boeing 737MAX;2;25
IX2516;VOBZ;VOVZ;Boeing 737MAX;0;50
EY5024;VIJP;OMAA;Airbus A321;3;15
IX710;OEDF;VOKN;Boeing 737MAX;3;55
D7700;WMKK;OEJN;Airbus A330-300, Airbus A330-900;8;10
IX1200;VIDP;VEGT;Boeing 737MAX;2;25
IX2517;VOVZ;VOBL;Boeing 737MAX;1;20
EY288;OMAA;VAAH;Airbus A321;2;40
IX709;VOKN;OEDF;Boeing 737MAX;4;50
IX1172;VIJP;VIDP;Boeing 737MAX;0;40
IX235;VABB;OOMS;Boeing 737MAX;2;25
IX2741;VOBL;VOTV;Boeing 737MAX;0;55
EY289;VAAH;OMAA;Boeing 787-9;2;30
IX751;VOKN;OMRK;Boeing 737MAX;3;35
IX1169;VIDP;VIJP;Boeing 737MAX;0;40
IX236;OOMS;VABB;Boeing 737MAX;2;25
IX2742;VOTV;VOBL;Boeing 737MAX;1;0
EY288;OMAA;VAAH;Boeing 787-9;2;30
IX752;OMRK;VOKN;Boeing 737MAX;3;30
D7701;OEJN;WMKK;Airbus A330-300, Airbus A330-900;8;10
GA716;WIII;YMML ;Boeing 777-300ER;7;0
IX1169;VOBL;VIDP;Boeing 737MAX;2;20
IX2742;VOBL;VEBN;Boeing 737MAX;2;15
D7550;WMKK;RJCC;Airbus A330-300, Airbus A330-900;7;10
GA717;YMML ;WIII;Boeing 777-300ER;7;0
IX2743;VEBN;VOBL;Boeing 737MAX;2;20
IX698;OKKK;VOMM;Boeing 737MAX;4;15
GA712;WIII;YSSY ;Airbus A330-900;6;45
IX1799;VOGO;VIDP;Boeing 737MAX;2;21
IX1345;VOBL;VOCL;Boeing 737MAX;1;12
IX2892;VEGT;VOHS;Boeing 737MAX;2;30
IX697;VOMM;OKKK;Boeing 737MAX;5;30
IX2891;VOHS;VEGT;Boeing 737MAX;2;20
IX2882;VOMM;VOHS;Boeing 737MAX;0;55
GA713;YSSY ;WIII;Airbus A330-900;6;45
IX2882;VOHS;VOBN;Boeing 737MAX;0;35
GA88;WIII;EHAM;Boeing 777-300ER;14;0
IX2883;VOBN;VOHS;Boeing 737MAX;0;30
GA89;EHAM;WIII;Boeing 777-300ER;14;0
IX2883;VOHS;VEBD;Boeing 737MAX;1;45
GA901;OTHH ;WIII;Boeing 777-300ER;8;40
IX2884;VEBD;VOHS;Boeing 737MAX;2;5
GA900;WIII;OTHH;Boeing 777-300ER;8;40
AI695;VABB;VEBS;Airbus A320;1;50
AI696;VEBS;VABB;Airbus A320;1;55
GA882;WADD;RJBB;Airbus A330-300;7;0
AIH37 (B);EGBB;CYYZ;Boeing 777-300ER;7;0
IX1211;VABB;VIJP;Boeing 737MAX;1;20
AI389;VVTS;VIDP;Airbus A320;4;30
AI388;VIDP;VVTS;Airbus A320;4;40
AI952;OMDB;VOHS;Airbus A320;3;20
AIH45;VABB;DGAA;Boeing 747-400;9;30
IX1239;VABB;VEBS;Airbus A320;1;55
AI217;VIDP;EGLL;Boeing B787-9;9;40
AI218;EGLL;VIDP;Boeing B787-9;9;30
AI221;VIDP;LFPG;Boeing B787-9;9;0
AI222;LFPG;VIDP;Boeing B787-9;8;45
AI225;VIDP;EDDF;Boeing B787-9;8;30
AI226;EDDF;VIDP;Boeing B787-9;8;15
AI2145;VIDP;WADD;Boeing B787-9;7;0
AI2146;WADD;VIDP;Boeing B787-9;6;45
AI2115;VIDP;WSSS;Airbus A321;5;30
AI2116;WSSS;VIDP;Airbus A321;5;15
AI2121;VIDP;VTBS;Airbus A321;3;55
AI2122;VTBS;VIDP;Airbus A321;3;45
AI2106;WSSS;VABB;Airbus A321;5;0
AI2161;VIDP;VHHH;Airbus A321;4;55
AI2162;VHHH;VIDP;Airbus A321;4;45
AI2181;VIDP;VGHS;Airbus A320;2;0
AI2182;VGHS;VIDP;Airbus A320;2;0
AI2155;VIDP;VNKT;Airbus A320;1;20
AI2157;VIDP;VNKT;Airbus A320;1;15
AI2156;VNKT;VIDP;Airbus A320;1;25
AI2158;VNKT;VIDP;Airbus A320;1;45
AI2273;VIDP;VRMM;Airbus A320;3;30
AI2274;VRMM;VIDP;Airbus A320;3;30
AI2241;VABB;FIMP;Airbus A321;5;45
AI2242;FIMP;VABB;Airbus A321;5;35
AI2271;VABB;VRMM;Airbus A320;2;40
AI2272;VRMM;VABB;Airbus A320;2;30
AI2123;VABB;VTBS;Airbus A321;4;20
AI2124;VTBS;VABB;Airbus A321;4;10
AI2107;VABB;WSSS;Airbus A321;5;25
AI2105;VABB;WSSS;Airbus A321;5;30
AI2108;WSSS;VABB;Airbus A321;5;15
AI2106;WSSS;VABB;Airbus A321;5;15
AI2235;VABB;OEJN;Airbus A320;4;45
AI2236;OEJN;VABB;Airbus A320;4;25
AI2237;VABB;OEDF;Airbus A320;3;20
AI2238;OEDF;VABB;Airbus A320;3;10
AI2255;VABB;OMAA;Airbus A321;2;40
AI2256;OMAA;VABB;Airbus A321;2;55
AI227;VABB;EDDF;Boeing B787-9;9;10
AI228;EDDF;VABB;Boeing B787-9;8;45
AI223;VABB;LFPG;Boeing B787-9;9;40
AI224;LFPG;VABB;Boeing B787-9;9;5
AI2285;VABB;OTHH;Airbus A320;3;5
AI2286;OTHH;VABB;Airbus A320;3;10
AI2233;VABB;OOMS;Airbus A320;2;10
AI2234;OOMS;VABB;Airbus A320;2;10
AI2111;VAPO;WSSS;Airbus A321;5;30
AI2110;WSSS;VAPO;Airbus A321;5;25
AI2131;VABB;VCBI;Airbus A321;2;15
AI2132;VCBI;VABB;Airbus A321;2;10
AI2531;VABB;VOHS;Airbus A320;1;10
AI2534;VOHS;VABB;Airbus A320;1;10
AI2863;VABB;VOBL;Airbus A320;1;10
AI2852;VOBL;VABB;Airbus A320;1;10
AI2829;VIDP;VOHS;Airbus A320;2;10
AI2890;VOHS;VIDP;Airbus A320;2;10
AI2954;VABB;VIDP;Airbus A321;2;10
AI2928;VABB;VIDP;Airbus A320;2;10
AI2933;VIDP;VABB;Airbus A321;2;5
AI2955;VIDP;VABB;Airbus A320;2;15
AI2939;VABB;VAAH;Airbus A320;1;30
AI2956;VAAH;VABB;Airbus A320;1;35
AI2771;VABB;VECC;Airbus A320;2;45
AI2774;VECC;VABB;Airbus A320;2;50
AI2821;VABB;VOMM;Airbus A320;2;15
IX1240;VEBS;VABB;Airbus A320;1;55
GA883;RJBB;WADD;Airbus A330-300;7;0
AI2824;VOMM;VABB;Airbus A320;2;5
AI2515;VABB;VOCI;Airbus A320;2;10
AI2518;VOCI;VABB;Airbus A320;2;25
AI2695;VABB;VIAR;Airbus A320;2;25
AI2696;VIAR;VABB;Airbus A320;2;30
AI2653;VABB;VICG;Airbus A320;2;35
AI2660;VICG;VABB;Airbus A320;2;40
AI2561;VABB;VIJP;Airbus A320;2;0
AI2564;VIJP;VABB;Airbus A320;2;5
AI2623;VABB;VAUD;Airbus A320;1;30
AI2614;VAUD;VABB;Airbus A320;1;35
AI2546;VEBS;VABB;Airbus A320;2;55
AI2545;VABB;VEBS;Airbus A320;2;50
AI2621;VABB;VEBN;Airbus A320;1;50
AI2622;VEBN;VABB;Airbus A320;1;45
AI2619;VABB;VIDN;Airbus A320;1;50
AI2620;VIDN;VABB;Airbus A320;2;0
AI2513;VABB;VOGA;Aribus A320;0;50
AI2514;VOGA;VABB;Airbus A320;0;55
AI2841;VABB;VOGO;Airbus A320;0;45
AI2842;VOGO;VABB;Airbus A320;0;50
AI2521;VABB;VOCB;Airbus A320;1;30
AI2522;VOCB;VABB;Airbus A320;1;35
AI2551;VABB;VOTV;Airbus A320;1;50
AI2552;VOTV;VABB;Airbus A320;1;55
AI2897;VOBL;VOHS;Airbus A320;0;55
AI2898;VOHS;VOBL;Airbus A320;1;10
AI2810;VOBL;VIDP;Airbus A320;2;50
AI2819;VIDP;VOBL;Airbus A320;2;40
AI2501;VOBL;VOCI;Airbus A320;1;10
AI2506;VOCI;VOBL;Airbus A320;1;0
AI2574;VOBL;VAAH;Airbus A320;2;15
AI2575;VAAH;VOBL;Airbus A320;2;5
AI2633;VOBL;VAUD;Airbus A320;2;25
AI2634;VAUD;VOBL;Airbus A320;2;15
AI2755;VOBL;VEGT;Airbus A320;3;10
AI2758;VEGT;VOBL;Airbus A320;2;55
AI2761;VOBL;VECC;Airbus A320;2;25
AI2764;VECC;VOBL;Airbus A320;2;35
AI2508;VOPB;VOBL;Airbus A320;2;30
AI2509;VOBL;VOPB;Airbus A320;2;20
AI2881;VOBL;VOGO;Airbus A320;1;20
AI2584;VOGO;VOBL;Airbus A320;1;30
AI2523;VOBL;VOTV;Airbus A320;0;55
AI2524;VOTV;VOBL;Airbus A320;0;45
AI2615;VOBL;VIDN;Airbus A320;2;40
AI2616;VIDN;VOBL;Airbus A320;2;50
AI2778;VOPB;VECC;Airbus A320;2;10
AI2747;VECC;VOPB;Airbus A320;2;0
AI2611;VIDP;VISR;Airbus A320;1;25
AI2612;VISR;VIDP;Airbus A320;1;25
AI2611;VISR;VIJU;Airbus A320;0;25
AI2611;VIJU;VIDP;Airbus A320;0;55
AI2691;VIDP;VIAR;Airbus A320;0;45
AI2692;VIAR;VIDP;Airbus A320;1;0
AI2637;VIDP;VICG;Airbus A320;0;35
AI2638;VICG;VIDP;Airbus A320;0;30
AI2617;VIDP;VIDN;Airbus A320;0;30
AI2618;VIDN;VIDP;Airbus A320;0;35
AI2601;VIDP;VILH;Airbus A320;1;0
AI2602;VILH;VIDP;Airbus A320;1;5
AI2971;VIDP;VAPO;Airbus A320;2;25
AI2992;VAPO;VIDP;Airbus A320;2;10
AI2959;VIDP;VAAH;Airbus A320;1;30
AI2976;VAAH;VIDP;AIrbus A320;1;40
AI2627;VIDP;VAUD;Airbus A320;0;55
AI2628;VAUD;VIDP;Airbus A320;1;5
AI2911;VIDP;VAID;Airbus A320;1;5
AI2912;VAID;VIDP;Airbus A320;1;5
AI2855;VIDP;VOGO;Airbus A320;2;10
AI2848;VOGO;VIDP;Airbus A321;2;0
AI2856;VOGO;VIDP;Airbus A320;2;0
AI2553;VIDP;VOGA;Airbus A320;2;0
AI2554;VOGA;VIDP;Airbus A320;1;55
AI2883;VIDP;VOCI;Airbus A320;3;20
AI2886;VOCI;VIDP;Airbus A320;3;10
AI2833;VIDP;VOMM;Airbus A320;2;50
GA718;WADD;YMML;Airbus A330-300;5;40
AI2834;VOMM;VIDP;Airbus A320;2;50
AI2533;VIDP;VOCB;Airbus A320;2;35
AI2532;VOCB;VIDP;Airbus A320;2;45
AI2895;VIDP;VOTV;Airbus A320;2;55
AI2896;VOTV;VIDP;Airbus A320;3;0
AI2793;VIDP;VERP;Airbus A320;1;20
AI2794;VERP;VIDP;Airbus A320;1;25
AI2781;VIDP;VEBS;Airbus A320;1;45
AI2782;VEBS;VIDP;Airbus A320;2;0
AI2673;VIDP;VEBN;Airbus A320;1;5
AI2674;VEBN;VIDP;Airbus A320;1;10
AI2753;VIDP;VERC;Airbus A320;1;25
AI2754;VERC;VIDP;Airbus A320;1;30
AI2715;VIDP;VEPT;Airbus A320;1;15
AI2716;VEPT;VIDP;Airbus A320;1;25
AI2721;VIDP;VEGT;Airbus A320;2;0
AI2722;VEGT;VIDP;Airbus A320;2;10
AI2725;VIDP;VEBD;Airbus A320;1;40
AI2726;VEBD;VIDP;Airbus A320;1;45
AI2726;VEBD;VEMN;Airbus A320;1;15
AI2725;VEMN;VEBD;Airbus A320;1;5
AI2641;VIDP;VILK;Airbus A320;0;55
AI2642;VILK;VIDP;Airbus A320;0;55
AI2157;VIDP;VNKT;Airbus A320;1;45
AI2156;VNKT;VIDP;Airbus A320;1;45
AI2589;VOHS;VOGA;Airbus A320;0;50
AI2590;VOGA;VOHS;Airbus A320;1;5
AI2597;VAAH;VOGO;Airbus A320;1;15
AI2598;VOGO;VAAH;Airbus A320;1;20
IX1212;VIJP;VABB;Boeing 737MAX;1;25
GA719;YMML;WADD;Airbus A330-300;5;40
AIH53;VIDP;LIRF;Boeing 787-8;7;0
IX265;VABB;OKKK;Boeing 737MAX;4;15
AIH54;LIRF;VIDP;Boeing 787-8;6;45
IX441;VOCI;OOMS;Boeing 737MAX;3;35
IX266;OKKK;VABB;Boeing 737MAX;3;50
GA656;WIII;WAJJ;Boeing 737-800;5;30
IX419;VOCI;OMAA;Boeing 737MAX;3;55
IX256;OMSJ;VAID;Boeing 737MAX;2;35
IX442;OOMS;VOCI;Boeing 737MAX;3;20
IX255;VAID;OMSJ;Boeing 737MAX;3;25
AIH76 (A);VIDP ;VHHX;Boeing 747-400;5;20
IX420;OMAA;VOCI;Boeing 737MAX;3;40
IX252;OMSJ;VABB;Boeing 737MAX;2;35
AIH76 (B);VHHX;RJBB;Boeing 747-400;2;45
AIH77 (A);RJBB;VHHX;Boeing 747-400;3;45
IX476;OTHH;VOCI;Boeing 737MAX;3;50
IX1213;VABB;VOGA;Boeing 737MAX;0;50
EY51;OMAA;LSGG;Boeing 787-9;6;50
AIH77 (B);VHHX;VIDP;Boeing 747-400;6;0
IX475;VOCI;OTHH;Boeing 737MAX;4;20
IX1218;VOGA;VABB;Boeing 737MAX;1;10
EY52;LSGG;OMAA;Boeing 787-9;6;50
IX2714;VOBL;VAPO;Boeing 737MAX;1;10
IX1191;VIDP;VEGT;Boeing 737MAX;1;55
EY430;OMAA;VTSP;Boeing 777-300ER;7;10
TP1350;LPPT;EGLL;Airbus A321;2;40
TP1357;EGLL;LPPT;Airbus A321;2;45
TP1356;LPPT;EGLL;Airbus A320;2;45
TP1359;EGLL;LPPT;Airbus A320;2;45
TP571;EDDF;LPPT;Airbus A320;3;10
TP573;EDDF;LPPT;Airbus A321;3;10
TP572;LPPT;EDDF;Airbus A321;3;10
TP570;LPPT;EDDF;Airbus A320;3;10
TP1271;LOWW;LPPT;Airbus A321;3;50
TP1273;LOWW;LPPT;Airbus A320;3;50
TP1270;LPPT;LOWW;Airbus A320;3;50
TP1272;LPPT;LOWW;Airbus A321;3;50
CI5115;KLAX;RCTP;Boeing 777F;12;30
AY2;KLAX;EFHK;Airbus A359;11;30
IX2715;VAPO;VOCI;Boeing 737MAX;1;25
IX1191;VEGT;VEAT;Boeing 737MAX;0;40
EY431;VTSP;OMAA;Boeing 777-300ER;7;10
IX1098;VECC ;VOHS;Boeing 737MAX;2;15
IX1192;VEAT;VEGT;Boeing 737MAX;0;35
EY21;OMAA;EGCC;Boeing 787-9;7;15
OD752;UTTT;WMKK;Boeing 737-900;7;45
OD271;WMKK;VIAR;Boeing 737-900;6;0
OD0121;WMKK;YPAD;Boeing 737-900;7;30
ID6004;YMML;WADD;Airbus A320;5;40
ID6006;YSSY;WADD;Airbus A320;5;40
ID6020;VOMM;WIMM;Airbus A320;3;40
ID8060;WADD;WPDL;Airbus A320;2;0
AI6749 (AIR MAURITIOUS);VABB;FIMP;Airbus A330-300;6;0
AI6748 (AIR MAURITIOUS);FIMP;VABB;Airbus A330-300;6;10
BR225;RCTP;WSSS;Boeing 777-300ER;4;20
BR226;WSSS;RCTP;Boeing 777-300ER;4;20
BR211;RCTP;VTBS;Boeing 777-300ER;3;30
BR212;VTBS;RCTP;Boeing 777-300ER;3;20
UL142;VABB;VCBI;Airbus A320;2;10
UL141;VCBI;VABB;Airbus A320;2;10
UL171;VCBI;VOBL;Airbus A320;1;5
UL172;VOBL;VCBI;Airbus A320;1;10
UL176;VOHS;VCBI;Airbus A320;1;30
UL175;VCBI;VOHS;Airbus A320;1;30
UL165;VCBI;VOCI;Airbus A320;0;50
UL166;VOCI;VCBI;Airbus A320;0;50
UL364;VCBI;WIII;Airbus A321;4;30
UL365;WIII;VCBI;Airbus A321;4;0
UL314;VCBI;WMKK;Airbus A320;3;30
UL315;WMKK;VCBI;Airbus A320;3;10
UL137;VCBI;VOMD;Airbus A320;0;40
UL138;VOMD;VCBI;Airbus A320;0;40
UL131;VCBI;VOTR;Airbus A320;0;40
UL132;VOTR;VCBI;Airbus A320;0;40
UL161;VCBI;VOTV;Airbus A320;0;40
UL162;VOTV;VCBI;Airbus A320;0;40
OU410;LDZA;EDDF;Bombardier Dash 8-Q400;1;30
OU417;EDDF;LDZA;Bombardier Dash 8-Q400;1;30
OU490;LDZA;EGLL;Airbus A320;2;15
OU491;EGLL;LDZA;Airbus A320;1;50
OU470;LDZA;LFPG;Airbus A320;1;40
OU471;LFPG;LDZA;Airbus A320;1;35
OU418;LDDU;EDDF;A319;1;40
OU419;EDDF;LDDU;A319;1;30
OU440;LDZA;LOWW;Bombardier Dash 8-Q400;0;40
OU441;LOWW;LDZA;Bombardier Dash 8-Q400;0;40
AI311;YMML;VABB;Boeing 787-8;11;15
DLH505;SBGR;EDDM;Airbus A359;11;30
DLH504;EDDM;SBGR;Airbus A359;11;30
DLH572;EDDF;FAOR;Airbus A380;10;15
DLH573;FAOR;EDDF;Airbus A380;10;15
DLH510;EDDF;SAEZ;Boeing 747-8;13;45
DLH511;SAEZ;EDDF;Boeing 747-8;13;45
DLH542;EDDF;SKBO;Airbus A340-600;11;15
DLH543;SKBO;EDDF;Airbus A340-600;11;15
DLH464;EDDF;KMCO;Airbus A330-300;9;35
DLH465;KMCO;EDDF;Airbus A330-300;9;35
DLH479;CYUL;EDDF;Airbus A330-300;6;55
DLH478;EDDF;CYUL;Airbus A330-300;6;55
DLH568;EDDF;DNMM;Airbus A330-300;6;30
DLH569;DNMM;EDDF;Airbus A330-300;6;30
DLH612;EDDF;UBBB;Airbus A321;5;0
DLH613;UBBB;EDDF;Airbus A321;5;0
DLH1305;OJAI;EDDF;Airbus A321;4;35
DLH1304;EDDF;OJAI;Airbus A321;4;35
DLH630;EDDF;OMDB;Airbus A330-300;6;30
DLH631;OMDB;EDDF;Airbus A330-300;6;30
DLH1306;EDDF;OLBA;Airbus A321;4;15
DLH1307;OLBA;EDDF;Airbus A321;4;15
DLH684;EDDF;LLBG;Airbus A321;3;40
DLH685;LLBG;EDDF;Airbus A321;3;40
DLH2469;BIKF;EDDM;A319;3;45
DLH2468;EDDM;BIKF;A319;3;45
DLH1452;EDDM;UUDD;A319;3;5
DLH1453;UUDD;EDDM;A319;3;5
DLH1156;EDDF;LEIB;Airbus A320;2;20
DLH1157;LEIB;EDDF;Airbus A320;2;20
LX316;LSZH;EGLL;Airbus A220-300;1;15
LX317;EGLL;LSZH;Airbus A220-300;1;15
LX1068;LSZH;EDDF;Airbus A220-300;1;5
LX1069;EDDF;LSZH;Airbus A220-300;1;0
LX632;LSZH;LFPG;Airbus A220-300;1;25
LX633;LFPG;LSZH;Airbus A220-300;1;25
LX138;LSZH;VHHH;Boeing 777-300ER;11;50
LX139;VHHH;LSZH;Boeing 777-300ER;11;30
LX160;LSZH;RJAA;Boeing 777-300ER;11;50
LX161;RJAA;LSZH;Boeing 777-300ER;12;25
LX40;LSZH;KLAX;Boeing 777-300ER;12;20
LX41;KLAX;LSZH;Boeing 777-300ER;10;55
LX176;LSZH;WSSS;Boeing 777-300ER;12;10
LX177;WSSS;LSZH;Boeing 777-300ER;12;40
LX154;LSZH;VABB;Airbus A330-300;8;25
LX155;VABB;LSZH;Airbus A330-300;8;50
LX1612;LSZH;LIMC;ERJ-190;0;55
LX1613;LIMC;LSZH;ERJ-190;1;5
LX52;LSZH;KBOS;Airbus A330-300;8;20
LX53;KBOS;LSZH;Airbus A330-300;7;0
LX724;LSZH;EHAM;ERJ-190;1;9
LX725;EHAM;LSZH;ERJ-190;1;10
LX288;LSZH;FAOR;Boeing 777-300ER;10;30
LX289;FAOR;LSZH;Boeing 777-300ER;10;45
LX146;LSZH;VIDP;Airbus A330-300;7;45
LX147;VIDP;LSZH;Airbus A330-300;8;35
LX188;LSZH;ZSPD;Boeing 777-300ER;11;0
LX189;ZSPD;LSZH;Boeing 777-300ER;12;30
AI802;VOTV;VIDP;Airbus A320;2;30
AI801;VIDP;VOTV;Airbus A320;2;30
AI127;VIDP;KORD;Boeing 777-200LR;14;0
AI101;VIDP;KJFK;Boeing 777-200LR;14;10
AI102;KJFK;VIDP;Boeing 777-200LR;13;30
AI544;VIDP;VOHS;Airbus A359;1;45
AI840;VOHS;VIDP;Boeing 777-200LR;1;45
AI126;KORD;VIDP;Boeing 777-200LR;13;50
AI545;VOHS;VIDP;Boeing 777-200LR;1;46
AI384;VIDP;WMKK;Airbus A320;5;0
AI385;WMKK;VIDP;Airbus A320;5;0
AI180;KSFO;VABB;Boeing 777-300ER;17;20
AI180;KSFO;VABB;Boeing 777-200LR;17;0
AI179;VABB;KSFO;Boeing 777-200LR;16;30
AI117;VIAR;EGBB;Boeing 787-8;7;30
AI118;EGBB;VIAR;Boeing 787-8;7;45
U22161;EGCC;EHAM;Airbus A320;1;0
U22163;EHAM;EGCC;Airbus A320;1;0
U22183;EGGW;LTAI;Airbus A320;4;20
U22184;LTAI;EGGW;Airbus A320;4;20
U22199;EGCC;EDDB;Airbus A320;1;45
U22200;EDDB;EGCC;Airbus A320;1;45
U22151;EGCC;LTFM;Airbus A320;3;45
U22152;LTFM;EGCC;Airbus A320;3;45
U22123;EGCC;LIRF;Airbus A320;2;25
U22124;LIRF;EGCC;Airbus A320;2;25
U22116;EGCC;LFPO;A319;1;10
U22117;LFPO;EGCC;A319;1;10
U26539;EGKK;BIKF;Airbus A320;2;45
U26540;BIKF;EGKK;Airbus A320;2;45
U21935;EGCC;LEIB;Airbus A320;2;55
U21936;LEIB;EGCC;Airbus A320;2;55
U26401;EGKK;LPMA;Airbus A320;3;15
U26402;LPMA;EGKK;Airbus A320;3;15
U26405;EGKK;LGAV;Airbus A320;3;20
U26406;LGAV;EGKK;Airbus A320;3;20
U26497;EGKK;LMML;Airbus A320;3;0
U26498;LMML;EGKK;Airbus A320;3;0
U26525;EGKK;EPKK;Airbus A320;2;10
U26526;EPKK;EGKK;Airbus A320;2;10
U26574;EGKK;LCPH;Airbus A320;4;10
U26575;LCPH;EGKK;Airbus A320;4;10
U23001;EGAA;LEBL;Airbus A320;2;30
U23002;LEBL;EGAA;Airbus A320;2;30
U22025;EGGW;GCRR;Airbus A320;4;15
U22026;GCRR;EGGW;Airbus A320;4;15
U22039;EGGW;GCTS;Airbus A320;4;35
U22038;GCTS;EGGW;Airbus A320;4;35
U21545;LSGG;LTAI;Airbus A320;3;30
U21546;LTAI;LSGG;Airbus A320;3;30
U21551;LSGG;EGNT;Airbus A320;1;50
U21552;EGNT;LSGG;Airbus A320;1;50
U25516;EGNT;LEAL;Airbus A320;2;40
U25517;LEAL;EGNT;Airbus A320;2;40
U21827;EGCC;LLBG;Airbus A320;5;56
U21828;LLBG;EGCC;Airbus A320;5;56
U28189;EGKK;LIMC;Airbus A320;1;40
U28190;LIMC;EGKK;Airbus A320;1;40
U21571;LSGG;EGBB;Airbus A320;1;40
U26574;EGKK;LCPH;Airbus A321;4;0
U26575;LCPH;EGKK;Airbus A321;4;0
U26933;EGPH;LXGB;Airbus A320;3;0
U26934;LXGB;EGPH;Airbus A320;3;0
U22299;EGCC;LOWI;Airbus A320;2;10
U22300;LOWI;EGCC;Airbus A320;2;10
U22283;EGCC;EFRO;Airbus A320;3;0
U22284;EFRO;EGCC;Airbus A320;3;0
U22383;EGGW;LGMK;Airbus A320;3;45
U22384;LGMK;EGGW;Airbus A320;3;45
U22049;EGGW;LSGG;Airbus A320;1;45
U22050;LSGG;EGGW;Airbus A320;1;45
U2301;EGGW;EGPH;Airbus A320;1;0
U2302;EGPH;EGGW;Airbus A320;1;0
U22203;EGGW;LEMD;Airbus A320;2;30
U22204;LEMD;EGGW;Airbus A320;2;30
U25331;EDDB;LPPR;Airbus A320;3;0
U25332;LPPR;EDDB;Airbus A320;3;0
BR52;RCTP;KIAH;Boeing 777-300ER;13;0
BR51;KIAH;RCTP;Boeing 777-300ER;13;0
BR626;RCTP;PANC;Boeing 777F;8;30
BR657;PANC;RCTP;Boeing 777F;8;30
BR56;RCTP;KORD;Boeing 777-300ER;13;0
BR55;KORD;RCTP;Boeing 777-300ER;13;0
BR75;RCTP;EHAM;Boeing 777-300ER;11;30
BR76;EHAM;RCTP;Boeing 777-300ER;11;30
BR65;RCTP;LOWW;Boeing 787-9;12;30
BR66;LOWW;RCTP;Boeing 787-9;12;30
BR809;RCTP;VHHH;Boeing 777-300ER;1;20
BR810;VHHH;RCTP;Boeing 777-300ER;1;20
BR217;RCTP;WMKK;Boeing 777-300ER;4;0
BR218;WMKK;RCTP;Boeing 777-300ER;4;0
BR61;RCTP;VTBS;B787-10;3;0
BR62;VTBS;RCTP;B787-10;3;0
BR385;RCTP;VVNB;Boeing 777-300ER;2;30
BR386;VVNB;RCTP;Boeing 777-300ER;2;30
BR712;RCTP;ZSPD;Airbus A330-300;1;30
BR711;ZSPD;RCTP;Airbus A330-300;1;30
BR71;RCTP;EDDM;Boeing 787-9;13;0
BR72;EDDM;RCTP;Boeing 787-9;11;45
BR8;RCTP;KSFO;Boeing 777-300ER;10;30
BR7;KSFO;RCTP;Boeing 777-300ER;10;30
BR10;RCTP;CYVR;Boeing 777-300ER;10;30
BR9;CYVR;RCTP;Boeing 777-300ER;10;30
BR716;RCTP;ZBAA;Airbus A330-300;3;0
BR715;ZBAA;RCTP;Airbus A330-300;3;0
BR281;RCTP;RPVM;Airbus A330-300;2;30
BR282;RPVM;RCTP;Airbus A330-300;2;30
U21572;EGBB;LSGG;Airbus A320;1;40
AIH51;VIDP;LEMD;Boeing 787-8;7;30
AIH52;LEMD;VIDP;Boeing 787-8;7;15
AIH31;VAAH;VABB;Boeing 747-400;0;45
IX1098;VAPO;VEBS;Boeing 737MAX;1;25
IX1192;VEGT;VIDP;Boeing 737MAX;2;25
EY22;EGCC;OMAA;Boeing 787-9;7;15
D7551;RJCC;WMKK;Airbus A330-300, Airbus A330-900;7;10
AI448;VILH;VISR;Airbus A320;0;40
IX421;VOCI;OERK;Boeing 737-800;5;0
IX475;VOCI;OTHH;Boeing 737-800;4;45
IX476;OTHH;VOCI;Boeing 737-800;4;45
IX1885;VOMM;VECC;Boeing 737-800;2;0
IX1886;VECC;VOMM;Boeing 737-800;2;0
IX929;VOHS;OEDF;Boeing 737-800;4;5
IX930;OEDF;VOHS;Boeing 737-800;4;5
IX395;VOCI;OKKK;Boeing 737-800;4;35
IX396;OKKK;VOCI;Boeing 737-800;4;35
IX471;VOCI;OBBI;Boeing 737-800;4;0
IX481;VOCI;OEDF;Boeing 737-800;4;25
IX482;OEDF;VOCI;Boeing 737-800;4;30
IX435;VOCI;OMDB;Boeing 737-800;3;40
IX411;VOCI;OMSJ;Boeing 737-800;3;30
IX412;OMSJ;VOCI;Boeing 737-800;3;45
IX443;VOCI;OOMS;Boeing 737-800;3;15
IX442;OOMS;VOCI;Boeing 737-800;3;0
IX445;VOCI;OOSA;Boeing 737-800;3;15
IX446;OOSA;VOCI;Boeing 737-800;3;20
IX5003;VOCI;VOCL;Boeing 737-800;0;40
IX5992;VOCI;VOBL;Airbus A320;0;44
IX5990;VOBL;VOCI;Airbus A320;0;30
IX550;VOCI;VIDP;Airbus A320;2;45
IX791;VIDP;VOCI;Airbus A320;2;45
IX1128;VOCI;VECC;Boeing 737-800;2;48
IX1123;VECC;VOCI;Boeing 737-800;2;45
IX891;VOCI;VOHS;Boeing 737-800;1;20
IX342;OOSA;VOCL;Boeing 737-800;3;15
IX399;VOCL;OEJN;Boeing 737-800;5;5
IX398;OEJN;VOCL;Boeing 737-800;5;15
IX322;OERK;VOCL;Boeing 737-800;4;25
IX393;VOCL;OKKK;Boeing 737-800;4;30
IX394;OKKK;VOCL;Boeing 737-800;4;30
IX382;OEDF;VOCL;Boeing 737-800;4;0
IX473;VOCL;OBBI;Boeing 737-800;3;58
IX474;OBBI;VOCL;Boeing 737-800;4;0
IX375;VOCL;OTHH;Airbus A320;3;55
IX375;VOCL;OTHH;Boeing 737-800;3;58
IX376;OTHH;VOCL;Airbus A320;4;0
IX347;VOCL;OMAA;Airbus A320;3;35
IX348;OMAA;VOCL;Boeing 737-800;3;35
IX348;OMAA;VOCL;Airbus A320;3;30
IX345;VOCL;OMDB;Boeing 737-800;3;20
IX343;VOCL;OMDB;Airbus A320;3;20
IX344;OMDB;VOCL;Airbus A320;3;40
IX346;OMDB;VOCL;Boeing 737-800;3;45
IX353;VOCL;OMSJ;Airbus A320;3;45
IX354;OMSJ;VOCL;Airbus A320;3;45
IX331;VOCL;OMRK;Boeing 737-800;3;25
IX332;OMRK;VOCL;Boeing 737-800;3;40
IX335;VOCL;OMAL;Boeing 737-800;3;20
IX336;OMAL;VOCL;Boeing 737-800;3;25
IX337;VOCL;OOMS;Boeing 737-800;3;25
IX338;OOMS;VOCL;Boeing 737-800;3;25
IX1346;VOCL;VOBL;Boeing 737-800;0;45
IX1345;VOBL;VOCL;Boeing 737-800;0;45
AI537;VIDP;VOMM;Boeing 777-300ER;2;15
AI537;VIDP;VOMM;Boeing 777-200LR;2;18
AI537;VIDP;VOMM;Boeing 787-8;2;16
AI538;VOMM;VIDP;Boeing 777-200LR;2;15
AI538;VOMM;VIDP;Boeing 787-8;2;18
AI191;VABB;KEWR;Boeing 777-200LR;15;35
AI144;KEWR;VABB;Boeing 777-200LR;15;30
IX1327;VECC;VEBS;Boeing 737-800;1;0
AIH27(A);FALE;FAOR;Boeing 747-400;1;0
AIH28;FAOR;FALE;Boeing 747-400;1;0
AIH28(A);FALE;VABB;;9;0
AIH349 (B);ZSPD;VABB;Boeing 777-300ER;7;0
AIH348;VIDP;ZSPD;Boeing 777-300ER;5;0
AIH348 (B) ;ZSPD;VIDP;Boeing 787-8;5;40
AIH349 ;VABB;ZSPD;Boeing 777-300ER;6;20
AZ78;LIRF;LEBL;Airbus A320;1;25
AZ79;LEBL;LIRF;Airbus A320;1;25
AZ332;LIRF;LFPG;Airbus A320;1;45
AZ333;LFPG;LIRF;Airbus A320;1;45
AZ432;LIRF;EDDM;Airbus A320;1;10
AZ433;EDDM;LIRF;Airbus A320;1;10
AZ9054;LIRF;LGRP;Airbus A320;2;10
AZ9055;LGRP;LIRF;Airbus A320;2;10
AZ722;LIRF;LGAV;Airbus A320;1;25
AZ721;LGAV;LIRF;Airbus A320;1;25
AZ770;LIRF;VIDP;Airbus A330-900;7;15
AZ769;VIDP;LIRF;Airbus A330-900;7;15
AZ856;LIRF;OMDB;Airbus A321;6;10
AZ857;OMDB;LIRF;Airbus A321;6;10
AZ854;LIRF;GOBD;Airbus A321;5;25
AZ855;GOBD;LIRF;Airbus A321;5;25
AZ838;LIRF;OERK;Airbus A321;5;0
AZ839;OERK;LIRF;Airbus A321;5;0
AZ848;LIRF;OEJN;Airbus A321;4;25
AZ849;OEJN;LIRF;Airbus A321;4;25
AZ620;LIRF;KLAX;Airbus A359;12;15
AZ621;KLAX;LIRF;Airbus A359;12;15
AZ614;LIRF;KBOS;Airbus A330-900;8;45
AZ615;KBOS;LIRF;Airbus A330-900;8;45
AZ678;LIRF;SBGR;Airbus A330-900;11;0
AZ679;SBGR;LIRF;Airbus A330-900;11;0
AZ680;LIRF;SAEZ;Airbus A359;13;30
AZ681;SAEZ;LIRF;Airbus A359;13;30
AZ792;LIRF;RJTT;Airbus A359;13;45
AZ793;RJTT;LIRF;Airbus A359;13;45
AIH30;VIDP;VABB;Boeing 747-400;1;30
AI816 ;VIDP;VABB;Boeing 777-200LR;1;45
AI816;VIDP;VABB;Boeing 777-300ER;1;45
AI449;VILH;VIJU;Airbus A320;0;40
AI450;VIJU;VILH;Airbus A320;0;40
IX592;VASU;VECC;Airbus A320;2;10
IX171;VASU;OMSJ;Boeing 737MAX;2;40
IX172;OMSJ;VASU;Boeing 737MAX;2;40
IX588;VECC;VASU;Airbus A320;2;10
IX1996;VASU;VIDP;Boeing 737-800;1;25
IX1173;VOHS;VASU;Boeing 737MAX;1;30
IX1174;VASU;VOHS;Boeing 737MAX;1;20
IX1569;VASU;VOBL;Airbus A320;1;55
IX1312;VOBL;VASU;Airbus A320;1;55
IX1936;VEBS;VOHS;Boeing 737-800;1;25
IX1935;VOHS;VEBS;Boeing 737-800;1;20
IX563;VEBS;VOBL;Airbus A320;1;50
IX562;VOBL;VEBS;Airbus A320;1;50
IX1612;VEBS;VOMM;Boeing 737-800;1;25
IX1304;VEBS;VABB;Airbus A320;2;10
IX1302;VABB;VEBS;Airbus A320;2;15
IX857;VIDP;VEBS;Boeing 737-800;2;15
IX2784;VEBS;VIDP;Boeing 737-800;2;10
IX1328;VAPO;VEBS;Airbus A320;1;50
IX1327;VEBS;VAPO;Airbus A320;1;50
AI32;VAAH;EDDF;Boeing 747-400;9;15
AIH32;EDDF;VAAH;Boeing 747-400;8;30
AIH33;VAAH;EGLL;Boeing 747-400;9;20
AIH34;EGLL;VAAH;Boeing 747-400;8;55
AIH35 (A);VAAH; EGLL;Boeing 787-8;8;45
AIH35 (B);EGLL;KEWR;Boeing 787-8;8;0
AIH37 (A);VIAR;EGBB;Boeing 777-300ER;8;0
AIH38 (A);CYYZ;EGBB;Boeing 777-300ER;6;20
AIH38 (B);EGBB;VIAR;Boeing 777-300ER;8;0
AIH 36 (A);KEWR;EGLL;Boeing 787-8;6;45
AIH36 (B);EGLL;VAAH;Boeing 787-8;8;10
AIH39 (A);VIAR;EGLL;Boeing 777-300ER;8;45
AIH39 (B);EGLL;CYYZ;Boeing 777-300ER;7;20
AIH40 (A);CYYZ;EGLL;Boeing 777-300ER;6;55
AIH40 (B);EGLL;VIAR;Boeing 777-300ER;8;0
AI133;VOBL;EGLL;Boeing 787-8;10;40
AI132;EGLL;VOBL;Boeing 787-8;10;40
AIH195 ;VIDP;UUEE;Boeing 787-8;6;30
AIH196;UUEE;VIDP;Boeing 787-8;5;50
AIH41;VHHH;VABB;Boeing 787-8;5;55
AIH42;VABB;VHHH;Boeing 787-8;6;5
AIH43;VECC;VHHH;Boeing 787-8;3;30
AIH44;VHHH;VECC;Boeing 787-8;3;45
AIH70;VIDP;HECA;Boeing 787-8;6;5
AIH46;HECA;VIDP;Boeing 787-8;6;10
AIH47;VABB;HKJK;Boeing 787-8;5;30
AIH48;HKJK;VABB;Boeing 787-8;5;15
IX1124;VABB;VIDP;Boeing 737MAX;2;0
IX1382;VOHS;VECC;Boeing 737MAX;1;50
IX1024;VOML;VABB;Boeing 737MAX;1;30
EY17;OMAA;EGLL;Airbus A380;7;20
IX683;WSSS;VOMD;Boeing 737-800;3;55
IX1211;VABB;VIJP;Boeing 737MAX;1;30
IX1097;VECC;VEBS;Boeing 737MAX;0;50
IX2708;VOBL;VERC;Boeing 737MAX;2;0
EY18;EGLL;OMAA;Boeing 787-10;7;20
LO3880;EPKT;EPWA;ERJ-175;0;30
AIH74;VECC;VTBS;Airbus A320;2;25